ala,arg,asn,asp,cys,glu,gln,gly,his,ile,leu,lys,met,phe,pro,ser,thr,trp,tyr,val,environment,strain,fitness
0,0,0,0,0,1,0,1,1,0,0,1,0,0,0,1,0,0,1,0,aerobic,S. gordonii CH1,0.0018911039319202557
0,0,0,0,0,1,0,1,1,1,1,1,1,0,0,0,0,1,1,0,aerobic,S. gordonii CH1,0.0012128869235628562
0,0,0,0,0,0,0,1,0,0,0,0,0,1,1,1,1,0,1,1,aerobic,S. gordonii CH1,0.0036386607706885648
0,0,0,0,0,0,0,1,0,0,1,1,0,1,1,1,1,0,1,0,aerobic,S. gordonii CH1,0.0006365541203617755
0,0,0,0,0,0,0,1,1,1,0,1,1,1,1,1,0,1,1,1,aerobic,S. gordonii CH1,0.0023236675219054097
0,0,0,0,0,0,0,1,1,1,1,1,1,1,1,0,1,0,1,1,aerobic,S. gordonii CH1,0.0019006889997624154
0,0,0,0,0,0,1,1,0,1,0,0,0,0,1,1,1,0,0,0,aerobic,S. gordonii CH1,0.000597966912497509
0,0,0,0,0,0,1,1,0,1,1,0,0,1,0,0,0,1,0,1,aerobic,S. gordonii CH1,0.0012618296529968466
0,0,0,0,0,0,1,1,1,0,1,0,0,0,0,0,1,0,1,0,aerobic,S. gordonii CH1,0.0011935548040580832
0,0,0,0,0,0,1,1,1,0,1,1,0,1,0,1,0,0,1,1,aerobic,S. gordonii CH1,0.0018961839298411915
0,0,0,0,0,0,1,1,1,1,1,0,1,0,0,1,1,1,0,1,aerobic,S. gordonii CH1,0.0018126888217522674
0,0,0,0,0,1,1,1,0,0,0,1,0,1,1,0,1,0,1,1,aerobic,S. gordonii CH1,0.001273108240723551
0,0,0,0,0,1,1,1,0,1,0,0,0,0,1,0,1,0,1,1,aerobic,S. gordonii CH1,0.0011618337609527007
0,0,0,0,0,1,1,1,0,1,1,0,0,1,1,0,0,0,1,1,aerobic,S. gordonii CH1,0.0031678149996040256
0,0,0,0,0,1,1,1,1,1,0,0,0,0,0,0,1,1,0,0,aerobic,S. gordonii CH1,0.0023918676499900316
0,0,0,0,0,1,1,1,1,1,0,0,1,1,0,1,0,1,0,1,aerobic,S. gordonii CH1,0.002523659305993689
0,0,0,0,1,1,0,1,0,1,0,1,0,0,1,1,0,0,0,0,aerobic,S. gordonii CH1,0.0006320613099470609
0,0,0,0,1,1,0,1,0,1,0,1,1,1,1,0,1,0,1,1,aerobic,S. gordonii CH1,0.0012084592145015075
0,0,0,0,1,1,0,1,1,0,1,0,0,1,0,1,1,0,0,1,aerobic,S. gordonii CH1,0.00189110393192026
0,0,0,0,1,1,0,1,1,0,1,0,1,0,1,0,0,1,0,1,aerobic,S. gordonii CH1,0.0012128869235628562
0,0,0,0,1,1,0,1,1,1,0,0,1,1,1,1,0,1,0,1,aerobic,S. gordonii CH1,0.003819324722170648
0,0,0,0,1,0,0,1,0,1,0,0,1,1,1,1,1,1,1,1,aerobic,S. gordonii CH1,0.001896183929841196
0,0,0,0,1,0,0,1,0,1,0,0,0,0,1,0,0,1,1,1,aerobic,S. gordonii CH1,0.0011935548040580832
0,0,0,0,1,0,0,1,0,1,1,0,1,0,1,0,1,1,0,1,aerobic,S. gordonii CH1,0.0018126888217522633
0,0,0,0,1,0,0,1,0,1,1,0,1,1,1,0,0,0,0,0,aerobic,S. gordonii CH1,0.0012607359546135022
0,0,0,0,1,0,0,1,1,0,0,1,0,1,0,1,1,0,1,0,aerobic,S. gordonii CH1,0.0006064434617814281
0,0,0,0,1,0,1,1,0,0,1,1,1,0,0,0,0,0,0,0,aerobic,S. gordonii CH1,0.0006365541203617755
0,0,0,0,1,0,1,1,0,0,1,1,1,0,1,1,0,1,0,0,aerobic,S. gordonii CH1,0.002904584402381762
0,0,0,0,1,0,1,1,0,1,1,0,1,1,0,0,1,1,0,1,aerobic,S. gordonii CH1,0.0019006889997624154
0,0,0,0,1,0,1,1,1,0,0,1,1,0,1,0,0,1,1,1,aerobic,S. gordonii CH1,0.000597966912497509
0,0,0,0,1,0,1,1,1,1,0,0,0,0,1,1,1,0,1,0,aerobic,S. gordonii CH1,0.00189274447949527
0,0,0,0,1,0,1,1,1,1,0,1,0,0,1,0,1,0,0,0,aerobic,S. gordonii CH1,0.0005967774020290437
0,0,0,0,1,1,1,1,0,1,1,1,1,0,0,0,1,0,1,0,aerobic,S. gordonii CH1,0.001742750641429053
0,0,0,0,1,1,1,1,1,0,0,0,0,1,1,1,1,1,0,1,aerobic,S. gordonii CH1,0.0025342519996832164
0,0,0,0,1,1,1,1,1,0,0,0,1,0,1,0,0,0,1,0,aerobic,S. gordonii CH1,0.0017939007374925227
0,0,0,0,1,1,1,1,1,1,0,1,1,0,0,0,1,0,1,1,aerobic,S. gordonii CH1,0.0018927444794952656
0,0,0,1,0,1,0,1,0,0,0,0,1,1,1,1,1,0,1,0,aerobic,S. gordonii CH1,0.001900688999762411
0,0,0,1,0,1,0,1,0,1,0,1,1,1,0,0,1,1,0,0,aerobic,S. gordonii CH1,0.0017939007374925227
0,0,0,1,0,1,0,1,0,1,1,0,0,1,0,1,1,0,0,1,aerobic,S. gordonii CH1,0.004416403785488959
0,0,0,1,0,1,0,1,1,0,0,0,1,1,0,0,0,1,1,0,aerobic,S. gordonii CH1,0.001790332206087127
0,0,0,1,0,1,0,1,1,0,1,1,0,0,1,1,0,1,1,1,aerobic,S. gordonii CH1,0.00821679702931184
0,0,0,1,0,1,0,1,1,0,1,1,0,1,0,1,1,0,1,1,aerobic,S. gordonii CH1,0.004229607250755286
0,0,0,1,0,1,0,1,1,1,1,1,0,0,1,0,1,1,1,1,aerobic,S. gordonii CH1,0.0025214719092270135
0,0,0,1,0,0,0,1,0,0,1,0,0,0,1,0,0,0,0,1,aerobic,S. gordonii CH1,0.0011935548040580832
0,0,0,1,0,0,0,1,0,1,1,0,0,1,1,0,0,0,1,0,aerobic,S. gordonii CH1,0.0006320613099470654
0,0,0,1,0,0,0,1,0,1,1,1,0,1,0,0,1,0,0,0,aerobic,S. gordonii CH1,0.0006042296072507516
0,0,0,1,0,0,0,1,0,1,1,1,1,0,0,1,1,0,0,0,aerobic,S. gordonii CH1,0.0006303679773067534
0,0,0,1,0,0,0,1,0,1,1,1,1,1,1,0,0,0,0,0,aerobic,S. gordonii CH1,0.005457991156032849
0,0,0,1,0,0,0,1,1,1,0,0,0,1,0,1,0,1,0,1,aerobic,S. gordonii CH1,0.0012731082407235464
0,0,0,1,0,0,1,1,0,1,0,0,0,0,0,0,1,1,1,0,aerobic,S. gordonii CH1,0.0011618337609527048
0,0,0,1,0,1,1,1,0,1,0,0,0,0,1,1,1,1,1,1,aerobic,S. gordonii CH1,0.0018193303853442802
0,0,0,1,0,1,1,1,0,1,1,0,1,1,1,1,0,1,1,1,aerobic,S. gordonii CH1,0.008275203564703073
0,0,0,1,0,1,1,1,1,0,1,0,1,0,0,0,1,1,0,0,aerobic,S. gordonii CH1,0.0023236675219054054
0,0,0,1,0,1,1,1,1,0,1,0,1,0,0,1,1,1,1,0,aerobic,S. gordonii CH1,0.0031678149996040212
0,0,0,1,1,1,0,1,0,1,0,0,0,0,1,1,0,0,0,1,aerobic,S. gordonii CH1,0.0024257738471257125
0,0,0,1,1,0,0,1,0,0,0,1,0,1,0,1,0,0,0,1,aerobic,S. gordonii CH1,0.001195933824995018
0,0,0,1,1,0,0,1,0,1,1,1,1,0,0,0,1,1,0,0,aerobic,S. gordonii CH1,0.0012618296529968423
0,0,0,1,1,0,1,1,0,0,1,1,1,1,0,1,1,0,0,0,aerobic,S. gordonii CH1,0.0011935548040580832
0,0,0,1,1,0,1,1,0,1,0,0,0,1,1,1,1,0,1,0,aerobic,S. gordonii CH1,0.001896183929841196
0,0,0,1,1,0,1,1,1,0,0,0,1,0,1,1,1,1,1,0,aerobic,S. gordonii CH1,0.002416918429003019
0,0,0,1,1,0,1,1,1,1,1,1,0,0,0,0,1,0,0,0,aerobic,S. gordonii CH1,0.0012607359546135068
0,0,0,1,1,1,1,1,0,0,1,1,0,1,1,1,1,1,1,1,aerobic,S. gordonii CH1,0.003819324722170648
0,0,0,1,1,1,1,1,0,1,1,1,0,0,1,0,0,0,1,1,aerobic,S. gordonii CH1,0.0023236675219054097
0,0,0,1,1,1,1,1,1,1,0,0,1,0,1,0,0,0,0,1,aerobic,S. gordonii CH1,0.001900688999762411
0,0,0,1,1,1,1,1,1,1,0,1,0,1,1,1,0,1,0,1,aerobic,S. gordonii CH1,0.0017939007374925269
0,0,0,1,1,1,1,1,1,1,1,1,1,0,0,1,1,0,0,1,aerobic,S. gordonii CH1,0.0012618296529968466
0,0,1,0,0,1,0,1,0,0,0,0,0,1,0,0,0,1,1,0,aerobic,S. gordonii CH1,0.0012128869235628562
0,0,1,0,0,1,0,1,0,0,0,0,1,1,0,0,1,0,1,1,aerobic,S. gordonii CH1,0.0012731082407235464
0,0,1,0,0,1,0,1,0,1,0,1,0,1,0,0,0,0,0,0,aerobic,S. gordonii CH1,0.0029045844023817577
0,0,1,0,0,1,0,1,0,1,0,1,1,0,0,0,0,1,0,0,aerobic,S. gordonii CH1,0.0012671259998416104
0,0,1,0,0,0,0,1,0,1,0,1,0,0,1,0,1,0,0,0,aerobic,S. gordonii CH1,0.0011935548040580832
0,0,1,0,0,0,0,1,1,0,0,0,1,1,0,0,1,0,1,0,aerobic,S. gordonii CH1,0.0031603065497353222
0,0,1,0,0,0,1,1,0,0,0,0,0,0,0,1,1,1,0,0,aerobic,S. gordonii CH1,0.0012084592145015075
0,0,1,0,0,0,1,1,1,0,1,1,1,1,0,1,0,1,1,0,aerobic,S. gordonii CH1,0.002521471909227009
0,0,1,0,0,1,1,1,0,1,0,1,1,0,0,1,0,0,0,1,aerobic,S. gordonii CH1,0.00358780147498505
0,0,1,0,0,1,1,1,1,1,0,0,1,1,0,1,1,1,1,0,aerobic,S. gordonii CH1,0.00189274447949527
0,0,1,0,0,1,1,1,1,1,1,0,1,0,0,0,0,1,1,1,aerobic,S. gordonii CH1,0.001790332206087127
0,0,1,0,1,1,0,1,0,0,0,1,0,0,0,0,1,0,0,1,aerobic,S. gordonii CH1,0.0012618296529968466
0,0,1,0,1,1,0,1,1,0,0,1,0,1,0,1,0,1,1,0,aerobic,S. gordonii CH1,0.0011935548040580832
0,0,1,0,1,1,0,1,1,0,1,0,1,0,0,0,0,0,1,1,aerobic,S. gordonii CH1,0.0018961839298411915
0,0,1,0,1,0,0,1,0,1,1,0,1,1,0,1,1,1,0,1,aerobic,S. gordonii CH1,0.0012641226198941307
0,0,1,0,1,0,0,1,0,1,1,1,1,0,0,1,1,1,0,1,aerobic,S. gordonii CH1,0.002416918429003019
0,0,1,0,1,0,0,1,1,1,0,1,0,0,1,0,0,1,0,0,aerobic,S. gordonii CH1,0.0006303679773067489
0,0,1,0,1,0,0,1,1,1,1,1,1,1,0,1,0,0,1,0,aerobic,S. gordonii CH1,0.0018193303853442802
0,0,1,0,1,0,1,1,0,0,1,1,0,0,0,0,1,1,1,0,aerobic,S. gordonii CH1,0.0012731082407235464
0,0,1,0,1,0,1,1,0,0,1,1,1,1,0,0,0,0,1,1,aerobic,S. gordonii CH1,0.001742750641429053
0,0,1,0,1,0,1,1,1,1,0,0,0,0,1,0,1,0,0,1,aerobic,S. gordonii CH1,0.0012671259998416104
0,0,1,0,1,0,1,1,1,1,1,1,1,0,1,0,1,1,0,1,aerobic,S. gordonii CH1,0.0017939007374925227
0,0,1,0,1,1,1,1,0,1,0,1,0,0,1,0,0,1,0,0,aerobic,S. gordonii CH1,0.0018126888217522633
0,0,1,0,1,1,1,1,0,1,0,1,0,0,1,0,1,1,1,0,aerobic,S. gordonii CH1,0.0006303679773067534
0,0,1,0,1,1,1,1,0,1,1,1,0,1,1,1,0,1,0,0,aerobic,S. gordonii CH1,0.0012128869235628562
0,0,1,0,1,1,1,1,1,0,1,0,0,0,0,1,1,1,1,1,aerobic,S. gordonii CH1,0.003819324722170648
0,0,1,0,1,1,1,1,1,0,1,1,1,0,1,0,0,1,1,1,aerobic,S. gordonii CH1,0.002904584402381762
0,0,1,0,1,1,1,1,1,1,0,1,1,0,1,1,1,0,1,0,aerobic,S. gordonii CH1,0.0031678149996040212
0,0,1,1,0,1,0,1,0,1,0,1,1,1,1,1,1,1,1,0,aerobic,S. gordonii CH1,0.0023918676499900316
0,0,1,1,0,1,0,1,1,0,0,1,0,0,0,1,0,0,0,0,aerobic,S. gordonii CH1,0.0012618296529968423
0,0,1,1,0,1,0,1,1,0,0,1,1,1,1,1,0,1,0,1,aerobic,S. gordonii CH1,0.0029838870101452143
0,0,1,1,0,1,0,1,1,1,0,1,0,1,1,1,1,0,0,1,aerobic,S. gordonii CH1,0.0012641226198941264
0,0,1,1,0,0,0,1,0,0,0,1,0,0,1,1,0,1,1,1,aerobic,S. gordonii CH1,0.0023918676499900316
0,0,1,1,0,0,0,1,0,1,1,1,0,1,1,0,1,1,1,1,aerobic,S. gordonii CH1,0.0018927444794952656
0,0,1,1,0,0,0,1,0,1,1,1,1,1,0,0,0,1,0,0,aerobic,S. gordonii CH1,0.0011935548040580832
0,0,1,1,0,0,0,1,1,1,0,0,0,0,1,0,1,1,0,0,aerobic,S. gordonii CH1,0.0006320613099470654
0,0,1,1,0,0,0,1,1,1,0,1,1,0,1,1,1,1,0,0,aerobic,S. gordonii CH1,0.0030211480362537747
0,0,1,1,0,0,0,1,1,1,1,0,1,1,0,1,0,1,1,0,aerobic,S. gordonii CH1,0.0006303679773067534
0,0,1,1,0,0,1,1,0,1,0,0,0,1,0,0,1,1,1,1,aerobic,S. gordonii CH1,0.0024257738471257125
0,0,1,1,0,0,1,1,1,0,0,1,0,0,0,0,0,0,0,0,aerobic,S. gordonii CH1,0.002546216481447102
0,0,1,1,0,0,1,1,1,0,1,0,0,1,1,1,0,1,0,0,aerobic,S. gordonii CH1,0.0023236675219054097
0,0,1,1,0,0,1,1,1,1,1,1,0,1,0,0,0,1,1,1,aerobic,S. gordonii CH1,0.001900688999762411
0,0,1,1,0,1,1,1,0,0,0,0,1,0,0,0,0,1,0,0,aerobic,S. gordonii CH1,0.002416918429003019
0,0,1,1,0,1,1,1,0,0,0,1,0,0,0,1,0,0,0,0,aerobic,S. gordonii CH1,0.0037822078638405157
0,0,1,1,0,1,1,1,0,0,1,0,0,0,0,0,0,1,1,0,aerobic,S. gordonii CH1,0.007883765003158561
0,0,1,1,0,1,1,1,0,0,1,0,1,1,1,1,0,1,0,1,aerobic,S. gordonii CH1,0.001909662361085322
0,0,1,1,0,1,1,1,0,1,1,1,0,1,1,1,1,1,0,1,aerobic,S. gordonii CH1,0.0017427506414290572
0,0,1,1,0,1,1,1,0,1,1,1,1,0,0,0,1,1,0,1,aerobic,S. gordonii CH1,0.005068503999366437
0,0,1,1,0,1,1,1,0,1,1,1,1,0,0,1,1,0,1,1,aerobic,S. gordonii CH1,0.007773569862467608
0,0,1,1,0,1,1,1,1,0,0,0,0,1,0,1,0,1,0,1,aerobic,S. gordonii CH1,0.0018927444794952656
0,0,1,1,1,1,0,1,0,1,1,0,1,0,0,1,0,0,1,1,aerobic,S. gordonii CH1,0.003580664412174262
0,0,1,1,1,1,0,1,0,1,1,1,1,1,0,0,1,0,0,1,aerobic,S. gordonii CH1,0.0012641226198941307
0,0,1,1,1,1,0,1,1,1,1,0,1,1,1,1,0,0,1,1,aerobic,S. gordonii CH1,0.035649546827794566
0,0,1,1,1,0,0,1,0,0,0,1,0,0,1,1,1,0,1,1,aerobic,S. gordonii CH1,0.002387109608116171
0,0,1,1,1,0,0,1,0,0,1,0,1,1,1,1,1,0,1,1,aerobic,S. gordonii CH1,0.0012641226198941264
0,0,1,1,1,0,0,1,0,1,0,1,1,0,0,1,1,1,1,0,aerobic,S. gordonii CH1,0.0012084592145015075
0,0,1,1,1,0,0,1,1,0,1,0,1,1,0,0,1,1,1,1,aerobic,S. gordonii CH1,0.0012607359546135022
0,0,1,1,1,0,0,1,1,0,1,0,1,1,0,1,0,0,0,1,aerobic,S. gordonii CH1,0.001212886923562852
0,0,1,1,1,0,0,1,1,1,0,1,1,0,1,1,0,1,1,1,aerobic,S. gordonii CH1,0.003182770601808877
0,0,1,1,1,0,1,1,1,0,0,0,1,0,1,0,0,1,1,0,aerobic,S. gordonii CH1,0.0005809168804763524
0,0,1,1,1,0,1,1,1,0,0,1,0,0,1,1,0,1,0,0,aerobic,S. gordonii CH1,0.0025342519996832207
0,0,1,1,1,0,1,1,1,1,1,1,1,0,0,0,0,1,1,1,aerobic,S. gordonii CH1,0.00189274447949527
0,0,1,1,1,0,1,1,1,1,1,1,1,0,1,0,0,0,0,1,aerobic,S. gordonii CH1,0.0017939007374925269
0,0,1,1,1,1,1,1,0,1,1,1,1,1,0,1,0,0,0,1,aerobic,S. gordonii CH1,0.0018911039319202557
0,0,1,1,1,1,1,1,1,0,0,1,1,1,1,1,1,0,0,0,aerobic,S. gordonii CH1,0.0018193303853442843
0,1,0,0,0,1,0,1,0,0,0,1,0,0,0,0,0,0,1,0,aerobic,S. gordonii CH1,0.0006365541203617755
0,1,0,0,0,1,0,1,0,1,0,0,0,0,1,1,1,0,1,1,aerobic,S. gordonii CH1,0.0023236675219054097
0,1,0,0,0,1,0,1,0,1,0,0,1,1,1,1,1,0,1,0,aerobic,S. gordonii CH1,0.0025342519996832164
0,1,0,0,0,1,0,1,1,0,0,0,1,1,1,1,1,0,0,0,aerobic,S. gordonii CH1,0.0017939007374925269
0,1,0,0,0,1,0,1,1,1,0,0,1,1,0,0,1,1,0,1,aerobic,S. gordonii CH1,0.003154574132492112
0,1,0,0,0,1,0,1,1,1,0,1,1,1,0,0,0,1,0,1,aerobic,S. gordonii CH1,0.0029838870101452143
0,1,0,0,0,0,0,1,1,0,0,0,1,1,0,0,1,0,0,1,aerobic,S. gordonii CH1,0.0012731082407235464
0,1,0,0,0,0,0,1,1,0,0,1,1,0,0,1,0,0,0,1,aerobic,S. gordonii CH1,0.006390085685239872
0,1,0,0,0,0,0,1,1,0,1,1,0,1,1,1,1,1,1,0,aerobic,S. gordonii CH1,0.0025342519996832207
0,1,0,0,0,0,0,1,1,1,1,1,0,1,0,1,1,1,0,1,aerobic,S. gordonii CH1,0.0017939007374925227
0,1,0,0,0,0,1,1,0,0,1,1,0,0,1,1,1,1,1,0,aerobic,S. gordonii CH1,0.002523659305993689
0,1,0,0,0,0,1,1,0,1,1,0,0,1,1,1,0,0,0,0,aerobic,S. gordonii CH1,0.0011935548040580874
0,1,0,0,0,0,1,1,0,1,1,1,0,1,0,1,1,1,1,1,aerobic,S. gordonii CH1,0.8836217113059965
0,1,0,0,0,0,1,1,1,0,1,1,1,0,1,0,0,1,1,1,aerobic,S. gordonii CH1,0.009063444108761328
0,1,0,0,0,0,1,1,1,0,1,1,1,1,1,1,0,1,1,0,aerobic,S. gordonii CH1,0.09518556457331968
0,1,0,0,0,0,1,1,1,1,1,0,0,0,1,1,1,0,1,1,aerobic,S. gordonii CH1,0.005457991156032849
0,1,0,0,0,1,1,1,0,0,0,0,1,0,1,0,0,1,1,0,aerobic,S. gordonii CH1,0.001896183929841196
0,1,0,0,0,1,1,1,0,0,1,1,1,0,1,0,0,1,1,0,aerobic,S. gordonii CH1,0.0018126888217522633
0,1,0,0,0,1,1,1,0,1,1,0,1,0,1,0,1,1,0,1,aerobic,S. gordonii CH1,0.0031518398865337622
0,1,0,0,0,1,1,1,1,0,0,1,1,0,0,1,1,1,0,0,aerobic,S. gordonii CH1,0.0048515476942514206
0,1,0,0,0,1,1,1,1,0,1,1,1,0,1,1,1,0,1,0,aerobic,S. gordonii CH1,0.005092432962894199
0,1,0,0,0,1,1,1,1,1,0,1,0,1,0,0,1,1,0,1,aerobic,S. gordonii CH1,0.0017427506414290572
0,1,0,0,1,1,0,1,0,1,0,0,0,0,0,1,1,0,1,1,aerobic,S. gordonii CH1,0.00695267440941771
0,1,0,0,1,1,0,1,0,1,1,1,1,0,0,1,0,0,1,0,aerobic,S. gordonii CH1,0.0036253776435045348
0,1,0,0,1,1,0,1,1,0,1,1,1,1,1,0,1,1,0,0,aerobic,S. gordonii CH1,0.001212886923562852
0,1,0,0,1,1,0,1,1,0,1,1,1,1,0,0,1,1,0,0,aerobic,S. gordonii CH1,0.0012607359546135022
0,1,0,0,1,0,0,1,0,0,0,0,1,0,0,0,0,0,1,1,aerobic,S. gordonii CH1,0.001267125999841606
0,1,0,0,1,0,0,1,0,0,1,0,0,1,1,1,0,0,1,1,aerobic,S. gordonii CH1,0.0017939007374925269
0,1,0,0,1,0,0,1,0,0,1,1,1,0,0,1,1,1,1,1,aerobic,S. gordonii CH1,0.0012618296529968423
0,1,0,0,1,0,0,1,0,1,1,0,0,1,0,1,0,1,0,1,aerobic,S. gordonii CH1,0.001790332206087127
0,1,0,0,1,0,0,1,1,0,0,1,1,1,0,1,1,1,0,0,aerobic,S. gordonii CH1,0.0012641226198941307
0,1,0,0,1,0,0,1,1,0,1,0,1,1,1,1,0,1,0,0,aerobic,S. gordonii CH1,0.002416918429003019
0,1,0,0,1,0,0,1,1,0,1,1,1,0,0,0,0,1,0,0,aerobic,S. gordonii CH1,0.0012607359546135022
0,1,0,0,1,0,0,1,1,1,1,0,1,0,0,0,1,0,1,1,aerobic,S. gordonii CH1,0.001212886923562852
0,1,0,0,1,0,1,1,0,0,1,0,0,0,0,1,0,0,1,0,aerobic,S. gordonii CH1,0.003819324722170648
0,1,0,0,1,0,1,1,0,1,0,0,1,1,0,1,1,1,1,1,aerobic,S. gordonii CH1,0.058672604928111535
0,1,0,0,1,0,1,1,0,1,1,0,0,1,0,1,0,0,1,1,aerobic,S. gordonii CH1,0.7634434149045696
0,1,0,0,1,0,1,1,0,1,1,1,0,0,0,1,1,0,1,0,aerobic,S. gordonii CH1,0.0023918676499900316
0,1,0,0,1,0,1,1,1,0,0,0,1,0,1,0,1,0,0,0,aerobic,S. gordonii CH1,0.0012618296529968466
0,1,0,0,1,0,1,1,1,0,1,0,0,1,1,0,1,1,1,1,aerobic,S. gordonii CH1,0.0011935548040580874
0,1,0,0,1,1,1,1,0,0,1,0,0,1,0,0,0,1,0,1,aerobic,S. gordonii CH1,0.0006365541203617755
0,1,0,0,1,1,1,1,0,0,1,0,0,1,0,1,1,1,1,0,aerobic,S. gordonii CH1,0.7214987655516291
0,1,0,0,1,1,1,1,1,1,0,0,0,1,1,0,1,0,0,0,aerobic,S. gordonii CH1,0.001900688999762411
0,1,0,0,1,1,1,1,1,1,0,1,1,1,0,1,0,0,1,1,aerobic,S. gordonii CH1,0.05381702212477576
0,1,0,1,0,1,0,1,0,1,0,0,1,0,0,1,1,0,0,0,aerobic,S. gordonii CH1,0.0011959338249950139
0,1,0,1,0,1,0,1,1,0,1,1,0,0,1,1,1,0,0,0,aerobic,S. gordonii CH1,0.004416403785488959
0,1,0,1,0,1,0,1,1,1,0,1,1,0,0,1,1,1,1,0,aerobic,S. gordonii CH1,0.004774219216232346
0,1,0,1,0,0,0,1,0,0,0,0,0,0,0,1,1,0,0,0,aerobic,S. gordonii CH1,0.002523659305993689
0,1,0,1,0,0,0,1,0,0,0,1,0,1,1,1,1,1,0,1,aerobic,S. gordonii CH1,0.0011935548040580874
0,1,0,1,0,0,0,1,0,1,0,0,0,0,0,0,1,1,0,1,aerobic,S. gordonii CH1,0.0006320613099470654
0,1,0,1,0,0,0,1,0,1,1,0,0,1,0,0,1,1,0,1,aerobic,S. gordonii CH1,0.0018126888217522674
0,1,0,1,0,0,0,1,1,0,0,1,0,0,0,0,0,0,0,0,aerobic,S. gordonii CH1,0.00189110393192026
0,1,0,1,0,0,0,1,1,1,0,1,0,1,1,0,0,1,1,0,aerobic,S. gordonii CH1,0.0018193303853442802
0,1,0,1,0,0,0,1,1,1,1,0,0,0,0,1,1,1,0,0,aerobic,S. gordonii CH1,0.001909662361085322
0,1,0,1,0,0,1,1,0,1,0,0,0,1,1,1,1,0,0,0,aerobic,S. gordonii CH1,0.0005809168804763524
0,1,0,1,0,0,1,1,0,1,0,0,1,1,0,1,1,1,0,0,aerobic,S. gordonii CH1,0.015839074998020116
0,1,0,1,0,1,1,1,1,0,0,1,0,1,1,0,1,1,1,0,aerobic,S. gordonii CH1,0.0012641226198941307
0,1,0,1,0,1,1,1,1,0,0,1,1,1,0,1,1,0,0,0,aerobic,S. gordonii CH1,0.0018126888217522674
0,1,0,1,0,1,1,1,1,1,1,1,1,0,0,0,0,0,0,1,aerobic,S. gordonii CH1,0.0031518398865337622
0,1,0,1,1,1,0,1,0,0,1,0,0,1,0,0,1,1,0,0,aerobic,S. gordonii CH1,0.001273108240723551
0,1,0,1,1,1,0,1,0,1,1,0,1,1,0,1,1,0,0,1,aerobic,S. gordonii CH1,0.004647335043810815
0,1,0,1,1,1,0,1,1,0,0,0,1,0,1,0,0,0,1,1,aerobic,S. gordonii CH1,0.0025342519996832164
0,1,0,1,1,1,0,1,1,0,0,0,1,0,0,1,1,0,1,1,aerobic,S. gordonii CH1,0.015547139724935221
0,1,0,1,1,1,0,1,1,0,0,1,1,1,0,0,0,0,0,0,aerobic,S. gordonii CH1,0.0006309148264984233
0,1,0,1,1,1,0,1,1,0,1,1,1,0,1,0,0,0,1,0,aerobic,S. gordonii CH1,0.002387109608116171
0,1,0,1,1,1,0,1,1,1,1,1,0,1,0,0,0,1,1,1,aerobic,S. gordonii CH1,0.0018961839298411915
0,1,0,1,1,1,0,1,1,1,1,1,1,1,0,0,1,1,0,0,aerobic,S. gordonii CH1,0.0018126888217522674
0,1,0,1,1,0,0,1,0,0,0,0,0,1,0,1,1,0,1,1,aerobic,S. gordonii CH1,0.0006064434617814239
0,1,0,1,1,0,0,1,0,0,1,0,1,1,1,1,1,1,1,1,aerobic,S. gordonii CH1,0.001909662361085322
0,1,0,1,1,0,0,1,1,0,0,1,1,0,1,0,1,0,0,0,aerobic,S. gordonii CH1,0.0011618337609527007
0,1,0,1,1,0,0,1,1,0,1,1,0,1,0,0,0,0,1,1,aerobic,S. gordonii CH1,0.0012671259998416104
0,1,0,1,1,0,0,1,1,1,0,0,0,0,1,0,0,0,0,0,aerobic,S. gordonii CH1,0.0011959338249950139
0,1,0,1,1,0,0,1,1,1,1,0,1,1,1,1,1,0,1,1,aerobic,S. gordonii CH1,0.003154574132492112
0,1,0,1,1,0,1,1,0,0,0,1,1,0,1,1,0,1,0,0,aerobic,S. gordonii CH1,0.004177441814203302
0,1,0,1,1,0,1,1,0,0,1,0,1,1,1,0,0,1,1,0,aerobic,S. gordonii CH1,0.0012641226198941264
0,1,0,1,1,0,1,1,0,0,1,1,1,1,0,0,1,0,1,1,aerobic,S. gordonii CH1,0.0012084592145015075
0,1,0,1,1,0,1,1,1,0,1,1,0,0,1,1,1,1,1,0,aerobic,S. gordonii CH1,0.005042943818454023
0,1,0,1,1,0,1,1,1,1,0,0,1,1,1,1,0,1,0,1,aerobic,S. gordonii CH1,0.004245104232469997
0,1,0,1,1,1,1,1,0,1,0,0,1,0,0,0,0,1,0,0,aerobic,S. gordonii CH1,0.0012607359546135068
0,1,0,1,1,1,1,1,0,1,1,1,0,0,1,1,1,0,1,0,aerobic,S. gordonii CH1,0.0030322173089071367
0,1,0,1,1,1,1,1,1,0,0,0,0,0,0,0,0,1,1,0,aerobic,S. gordonii CH1,0.0006365541203617755
0,1,0,1,1,1,1,1,1,1,1,0,0,1,0,1,0,0,0,1,aerobic,S. gordonii CH1,0.0034855012828581104
0,1,0,1,1,1,1,1,1,1,1,1,0,1,1,1,0,1,0,0,aerobic,S. gordonii CH1,0.0025342519996832207
0,1,1,0,0,1,0,1,0,0,0,1,1,1,0,0,0,0,1,0,aerobic,S. gordonii CH1,0.01626567265333785
0,1,1,0,0,1,0,1,0,1,0,1,1,0,0,0,0,0,0,0,aerobic,S. gordonii CH1,0.0012671259998416104
0,1,1,0,0,1,0,1,0,1,0,1,1,1,0,1,0,0,0,0,aerobic,S. gordonii CH1,0.0017939007374925227
0,1,1,0,0,1,0,1,1,1,0,0,1,1,0,0,1,0,1,1,aerobic,S. gordonii CH1,0.004416403785488963
0,1,1,0,0,1,0,1,1,1,1,1,1,1,0,1,1,0,1,1,aerobic,S. gordonii CH1,0.0913069425104436
0,1,1,0,0,0,0,1,0,1,0,1,1,0,1,0,0,0,1,1,aerobic,S. gordonii CH1,0.001195933824995018
0,1,1,0,0,0,0,1,0,1,1,1,1,1,0,1,0,0,1,0,aerobic,S. gordonii CH1,0.005047318611987382
0,1,1,0,0,0,0,1,1,0,0,1,0,0,0,0,1,1,1,0,aerobic,S. gordonii CH1,0.001790332206087127
0,1,1,0,0,0,1,1,0,0,0,1,1,1,1,0,0,1,1,1,aerobic,S. gordonii CH1,0.0018961839298411915
0,1,1,0,0,0,1,1,0,0,1,0,1,1,1,0,1,1,1,0,aerobic,S. gordonii CH1,0.0018126888217522674
0,1,1,0,0,0,1,1,1,0,0,1,0,0,0,1,1,1,0,0,aerobic,S. gordonii CH1,0.0012607359546135068
0,1,1,0,0,0,1,1,1,0,1,1,1,0,0,1,1,0,0,0,aerobic,S. gordonii CH1,0.0018193303853442843
0,1,1,0,0,0,1,1,1,1,0,1,1,1,0,1,1,1,1,0,aerobic,S. gordonii CH1,0.001909662361085322
0,1,1,0,0,1,1,1,0,0,0,0,0,0,0,0,0,0,0,0,aerobic,S. gordonii CH1,0.0006320613099470654
0,1,1,0,0,1,1,1,0,1,1,1,1,0,1,1,1,1,0,1,aerobic,S. gordonii CH1,0.0030211480362537747
0,1,1,0,0,1,1,1,1,0,0,0,0,1,1,0,0,1,0,0,aerobic,S. gordonii CH1,0.0012607359546135022
0,1,1,0,0,1,1,1,1,0,0,1,0,0,0,0,1,1,1,1,aerobic,S. gordonii CH1,0.0006064434617814281
0,1,1,0,0,1,1,1,1,0,0,1,0,1,0,0,1,0,0,0,aerobic,S. gordonii CH1,0.001909662361085322
0,1,1,0,0,1,1,1,1,0,0,1,1,0,1,0,0,1,0,0,aerobic,S. gordonii CH1,0.00580916880476352
0,1,1,0,0,1,1,1,1,0,1,1,0,1,0,1,1,0,1,1,aerobic,S. gordonii CH1,0.055119980993109996
0,1,1,0,1,1,0,1,0,0,0,1,0,1,1,0,0,1,1,1,aerobic,S. gordonii CH1,0.001900688999762411
0,1,1,0,1,1,0,1,1,1,1,0,1,1,1,1,0,0,1,1,aerobic,S. gordonii CH1,0.9627267291209887
0,1,1,0,1,0,0,1,1,0,0,1,1,1,0,0,1,1,1,0,aerobic,S. gordonii CH1,0.000597966912497509
0,1,1,0,1,0,0,1,1,0,1,1,1,1,0,0,1,0,0,1,aerobic,S. gordonii CH1,0.0012618296529968423
0,1,1,0,1,0,0,1,1,1,0,1,1,1,0,1,0,0,0,1,aerobic,S. gordonii CH1,0.0011935548040580874
0,1,1,0,1,0,1,1,0,1,1,1,1,1,1,1,1,0,1,0,aerobic,S. gordonii CH1,0.1618076953464486
0,1,1,0,1,0,1,1,1,0,0,1,1,0,1,1,1,0,0,1,aerobic,S. gordonii CH1,0.0036253776435045348
0,1,1,0,1,0,1,1,1,0,1,0,1,0,1,0,1,0,0,0,aerobic,S. gordonii CH1,0.0006303679773067489
0,1,1,0,1,0,1,1,1,1,0,0,0,1,1,0,0,0,1,0,aerobic,S. gordonii CH1,0.0018193303853442802
0,1,1,0,1,0,1,1,1,1,0,1,0,1,0,0,0,0,1,1,aerobic,S. gordonii CH1,0.0019096623610853263
0,1,1,0,1,0,1,1,1,1,0,1,1,1,0,1,0,1,0,0,aerobic,S. gordonii CH1,0.0023236675219054054
0,1,1,0,1,1,1,1,0,1,0,0,0,1,1,1,0,0,1,0,aerobic,S. gordonii CH1,0.00189274447949527
0,1,1,0,1,1,1,1,1,0,1,1,0,0,1,1,1,0,0,0,aerobic,S. gordonii CH1,0.0029838870101452143
0,1,1,0,1,1,1,1,1,1,0,0,1,0,1,0,1,0,1,1,aerobic,S. gordonii CH1,0.0012641226198941264
0,1,1,0,1,1,1,1,1,1,0,1,0,1,1,1,1,0,1,1,aerobic,S. gordonii CH1,0.13897280966767372
0,1,1,0,1,1,1,1,1,1,0,1,1,1,1,1,0,0,0,1,aerobic,S. gordonii CH1,0.0031518398865337622
0,1,1,1,0,1,0,1,0,1,1,0,1,1,0,1,0,0,0,1,aerobic,S. gordonii CH1,0.003154574132492112
0,1,1,1,0,1,0,1,1,1,0,0,0,0,1,1,0,1,1,0,aerobic,S. gordonii CH1,0.001790332206087127
0,1,1,1,0,1,0,1,1,1,1,0,0,1,1,0,0,1,0,0,aerobic,S. gordonii CH1,0.002528245239788257
0,1,1,1,0,1,0,1,1,1,1,1,1,0,0,0,0,1,0,1,aerobic,S. gordonii CH1,0.0012084592145015117
0,1,1,1,0,0,0,1,0,0,0,1,1,0,0,0,1,0,1,0,aerobic,S. gordonii CH1,0.0006064434617814281
0,1,1,1,0,0,0,1,0,1,1,0,0,0,0,1,0,0,0,0,aerobic,S. gordonii CH1,0.0006365541203617755
0,1,1,1,0,0,1,1,0,0,0,1,1,0,0,1,1,1,0,0,aerobic,S. gordonii CH1,0.0023236675219054097
0,1,1,1,0,0,1,1,1,1,0,0,0,1,0,1,1,0,1,0,aerobic,S. gordonii CH1,0.001900688999762411
0,1,1,1,0,0,1,1,1,1,0,1,1,1,1,1,0,1,0,0,aerobic,S. gordonii CH1,0.0017939007374925269
0,1,1,1,0,1,1,1,0,0,1,1,0,1,0,0,1,0,0,0,aerobic,S. gordonii CH1,0.002521471909227009
0,1,1,1,0,1,1,1,0,1,1,0,1,0,0,0,0,0,0,0,aerobic,S. gordonii CH1,0.0036386607706885648
0,1,1,1,0,1,1,1,0,1,1,0,1,1,1,1,1,1,0,0,aerobic,S. gordonii CH1,0.00572898708325597
0,1,1,1,0,1,1,1,1,1,0,1,0,1,0,0,0,1,0,1,aerobic,S. gordonii CH1,0.006971002565716221
0,1,1,1,0,1,1,1,1,1,0,1,1,0,1,0,1,0,0,1,aerobic,S. gordonii CH1,0.017739763997782532
0,1,1,1,0,1,1,1,1,1,1,0,0,1,1,1,1,1,0,1,aerobic,S. gordonii CH1,0.0023918676499900316
0,1,1,1,1,1,0,1,0,0,0,1,0,0,1,0,1,0,1,1,aerobic,S. gordonii CH1,0.001742750641429053
0,1,1,1,1,1,0,1,0,0,0,1,1,1,1,1,0,0,0,0,aerobic,S. gordonii CH1,0.001900688999762411
0,1,1,1,1,1,0,1,0,0,1,0,1,0,0,0,0,0,0,0,aerobic,S. gordonii CH1,0.0017939007374925227
0,1,1,1,1,1,0,1,0,1,1,1,0,0,1,0,1,1,1,1,aerobic,S. gordonii CH1,0.0012618296529968466
0,1,1,1,1,1,0,1,1,0,1,0,1,0,0,0,1,1,1,1,aerobic,S. gordonii CH1,0.001790332206087131
0,1,1,1,1,1,0,1,1,0,1,1,1,1,0,0,1,0,0,1,aerobic,S. gordonii CH1,0.0018961839298411915
0,1,1,1,1,1,0,1,1,1,0,0,1,0,1,1,1,0,0,0,aerobic,S. gordonii CH1,0.0030211480362537747
0,1,1,1,1,1,0,1,1,1,0,0,1,1,0,1,0,0,1,1,aerobic,S. gordonii CH1,0.02458435111496336
0,1,1,1,1,0,0,1,0,1,0,1,0,1,0,0,0,0,1,1,aerobic,S. gordonii CH1,0.0006309148264984189
0,1,1,1,1,0,0,1,1,0,0,0,0,1,0,0,1,1,1,0,aerobic,S. gordonii CH1,0.0011935548040580832
0,1,1,1,1,0,0,1,1,0,0,0,1,0,1,0,1,0,1,0,aerobic,S. gordonii CH1,0.0012641226198941264
0,1,1,1,1,0,0,1,1,1,0,0,0,0,1,0,1,0,1,1,aerobic,S. gordonii CH1,0.0006042296072507558
0,1,1,1,1,0,1,1,0,1,1,0,0,1,0,0,0,0,1,0,aerobic,S. gordonii CH1,0.0012607359546135022
0,1,1,1,1,0,1,1,0,1,1,0,0,1,1,0,0,1,1,0,aerobic,S. gordonii CH1,0.0018193303853442802
0,1,1,1,1,0,1,1,1,1,1,1,0,0,0,1,1,1,1,0,aerobic,S. gordonii CH1,0.003819324722170648
0,0,0,0,0,1,0,0,0,1,1,0,0,0,0,1,1,1,0,1,aerobic,S. gordonii CH1,0.001742750641429053
0,0,0,0,0,1,0,0,1,0,1,0,1,0,1,0,0,0,1,0,aerobic,S. gordonii CH1,0.0025342519996832164
0,0,0,0,0,1,0,0,1,0,1,1,1,0,0,0,1,1,1,1,aerobic,S. gordonii CH1,0.001195933824995018
0,0,0,0,0,1,0,0,1,1,1,0,0,0,0,1,1,1,0,0,aerobic,S. gordonii CH1,0.0012618296529968423
0,0,0,0,0,0,0,0,0,0,1,0,1,1,0,1,1,1,1,1,aerobic,S. gordonii CH1,0.001267125999841606
0,0,0,0,0,0,0,0,0,1,0,0,1,1,1,0,0,0,1,1,aerobic,S. gordonii CH1,0.0011959338249950139
0,0,0,0,0,0,0,0,0,1,1,1,1,0,0,0,1,1,0,1,aerobic,S. gordonii CH1,0.0018927444794952656
0,0,0,0,0,0,0,0,1,0,1,0,1,1,0,0,1,1,0,1,aerobic,S. gordonii CH1,0.001790332206087127
0,0,0,0,0,0,0,0,1,0,1,1,0,0,0,0,0,0,1,0,aerobic,S. gordonii CH1,0.0006320613099470609
0,0,0,0,0,0,0,0,1,1,1,1,0,0,1,1,1,1,1,0,aerobic,S. gordonii CH1,0.0018126888217522674
0,0,0,0,0,0,1,0,0,1,1,1,0,1,0,1,0,0,0,0,aerobic,S. gordonii CH1,0.002521471909227009
0,0,0,0,0,0,1,0,1,1,0,0,0,0,1,0,1,0,1,0,aerobic,S. gordonii CH1,0.0018193303853442843
0,0,0,0,0,0,1,0,1,1,1,0,1,0,0,1,0,1,1,1,aerobic,S. gordonii CH1,0.014004190647959047
0,0,0,0,0,1,1,0,0,1,0,0,1,1,1,0,1,0,0,0,aerobic,S. gordonii CH1,0.0011935548040580832
0,0,0,0,0,1,1,0,0,1,1,1,0,1,0,0,0,1,1,1,aerobic,S. gordonii CH1,0.0018961839298411915
0,0,0,0,0,1,1,0,1,1,0,1,1,1,0,1,1,1,0,1,aerobic,S. gordonii CH1,0.006042296072507554
0,0,0,0,0,1,1,0,1,1,1,1,1,1,0,1,1,0,0,0,aerobic,S. gordonii CH1,0.00189110393192026
0,0,0,0,1,1,0,0,0,0,0,0,0,1,0,1,1,1,0,1,aerobic,S. gordonii CH1,0.0006320613099470654
0,0,0,0,1,1,0,0,0,1,1,0,0,0,0,0,1,0,0,0,aerobic,S. gordonii CH1,0.0018126888217522633
0,0,0,0,1,1,0,0,1,1,0,0,0,1,0,0,1,0,1,1,aerobic,S. gordonii CH1,0.0012607359546135068
0,0,0,0,1,1,0,0,1,1,1,1,1,1,0,0,1,1,0,0,aerobic,S. gordonii CH1,0.0024257738471257085
0,0,0,0,1,0,0,0,0,0,0,0,1,0,1,1,0,1,1,0,aerobic,S. gordonii CH1,0.0036386607706885648
0,0,0,0,1,0,0,0,0,0,0,1,1,1,1,1,0,0,1,1,aerobic,S. gordonii CH1,0.001909662361085322
0,0,0,0,1,0,0,0,0,1,0,1,1,0,0,1,0,0,1,1,aerobic,S. gordonii CH1,0.0011618337609527048
0,0,0,0,1,0,0,0,1,1,0,0,1,0,0,0,0,1,1,0,aerobic,S. gordonii CH1,0.001267125999841606
0,0,0,0,1,0,0,0,1,1,0,1,0,0,1,0,1,1,1,1,aerobic,S. gordonii CH1,0.0011959338249950139
0,0,0,0,1,0,1,0,0,1,0,1,0,0,1,0,1,1,0,1,aerobic,S. gordonii CH1,0.0012618296529968423
0,0,0,0,1,0,1,0,1,0,0,0,1,1,0,0,1,1,1,0,aerobic,S. gordonii CH1,0.0011935548040580832
0,0,0,0,1,1,1,0,0,0,1,1,1,1,1,0,1,1,0,1,aerobic,S. gordonii CH1,0.0012731082407235464
0,0,0,0,1,1,1,0,1,0,0,1,1,1,0,1,1,1,1,0,aerobic,S. gordonii CH1,0.0005809168804763524
0,0,0,0,1,1,1,0,1,0,1,1,1,0,0,0,0,0,0,0,aerobic,S. gordonii CH1,0.001267125999841606
0,0,0,1,0,1,0,0,0,1,1,1,0,0,1,0,1,1,0,1,aerobic,S. gordonii CH1,0.0018126888217522633
0,0,0,1,0,1,0,0,1,1,0,1,1,1,0,1,0,1,0,0,aerobic,S. gordonii CH1,0.0018911039319202557
0,0,0,1,0,1,0,0,1,1,1,0,0,0,0,0,0,1,1,1,aerobic,S. gordonii CH1,0.0024257738471257085
0,0,0,1,0,0,0,0,0,0,0,1,0,0,1,1,1,0,0,1,aerobic,S. gordonii CH1,0.0011959338249950139
0,0,0,1,0,0,0,0,0,0,0,1,0,1,0,0,1,0,0,0,aerobic,S. gordonii CH1,0.0012618296529968423
0,0,0,1,0,0,0,0,0,0,0,1,1,0,1,0,0,1,0,1,aerobic,S. gordonii CH1,0.001790332206087127
0,0,0,1,0,0,0,0,1,1,0,0,1,0,0,1,0,1,0,0,aerobic,S. gordonii CH1,0.0006320613099470654
0,0,0,1,0,0,1,0,0,0,1,0,1,0,0,1,1,1,1,0,aerobic,S. gordonii CH1,0.0018126888217522633
0,0,0,1,0,0,1,0,0,0,1,1,1,1,1,0,1,0,0,1,aerobic,S. gordonii CH1,0.0012607359546135068
0,0,0,1,0,0,1,0,0,1,0,0,0,0,0,0,1,1,1,1,aerobic,S. gordonii CH1,0.0006064434617814281
0,0,0,1,0,0,1,0,0,1,0,0,0,1,0,0,1,0,0,0,aerobic,S. gordonii CH1,0.000636554120361771
0,0,0,1,0,0,1,0,0,1,0,1,1,1,0,0,0,1,1,0,aerobic,S. gordonii CH1,0.004066418163334463
0,0,0,1,0,0,1,0,0,1,1,0,0,0,0,1,1,0,0,1,aerobic,S. gordonii CH1,0.0031678149996040212
0,0,0,1,0,0,1,0,0,1,1,0,1,1,1,0,0,0,1,0,aerobic,S. gordonii CH1,0.007175602949970103
0,0,0,1,0,0,1,0,1,0,1,0,0,0,0,0,1,1,1,0,aerobic,S. gordonii CH1,0.0006309148264984233
0,0,0,1,0,0,1,0,1,0,1,0,1,0,0,0,0,1,1,0,aerobic,S. gordonii CH1,0.001790332206087127
0,0,0,1,0,0,1,0,1,1,0,1,1,0,1,1,1,1,0,1,aerobic,S. gordonii CH1,0.002528245239788257
0,0,0,1,0,1,1,0,0,0,0,0,0,0,0,0,1,1,1,0,aerobic,S. gordonii CH1,0.0012731082407235464
0,0,0,1,0,1,1,0,1,0,0,0,0,0,1,1,0,0,0,0,aerobic,S. gordonii CH1,0.0023236675219054054
0,0,0,1,0,1,1,0,1,0,1,0,1,1,0,1,1,0,1,1,aerobic,S. gordonii CH1,0.01457194899817851
0,0,0,1,1,1,0,0,0,0,0,1,1,0,1,0,0,1,0,1,aerobic,S. gordonii CH1,0.0011959338249950139
0,0,0,1,1,1,0,0,0,1,1,0,0,0,1,0,1,0,1,1,aerobic,S. gordonii CH1,0.0018927444794952656
0,0,0,1,1,1,0,0,0,1,1,1,0,1,0,0,0,1,1,1,aerobic,S. gordonii CH1,0.001790332206087127
0,0,0,1,1,1,0,0,1,1,1,1,0,1,1,1,1,0,1,0,aerobic,S. gordonii CH1,0.002528245239788257
0,0,0,1,1,0,0,0,0,0,0,0,0,1,0,1,0,0,0,1,aerobic,S. gordonii CH1,0.0017939007374925227
0,0,0,1,1,0,0,0,1,0,0,0,1,0,1,1,1,1,0,1,aerobic,S. gordonii CH1,0.002523659305993689
0,0,0,1,1,0,0,0,1,0,0,1,0,0,0,1,0,0,1,1,aerobic,S. gordonii CH1,0.001790332206087127
0,0,0,1,1,0,0,0,1,0,1,0,0,1,0,0,1,0,0,0,aerobic,S. gordonii CH1,0.0006320613099470654
0,0,0,1,1,0,1,0,0,0,0,1,0,0,0,1,1,1,1,1,aerobic,S. gordonii CH1,0.0018126888217522633
0,0,0,1,1,0,1,0,0,0,1,1,1,0,0,0,0,1,1,1,aerobic,S. gordonii CH1,0.0012607359546135022
0,0,0,1,1,0,1,0,0,1,0,0,1,1,0,1,1,1,1,1,aerobic,S. gordonii CH1,0.006670878079595705
0,0,0,1,1,0,1,0,0,1,1,0,0,0,1,1,0,0,1,0,aerobic,S. gordonii CH1,0.0025462164814470975
0,0,0,1,1,0,1,0,1,0,0,1,0,1,0,0,1,1,0,1,aerobic,S. gordonii CH1,0.0005809168804763524
0,0,0,1,1,0,1,0,1,0,1,0,1,1,1,0,1,0,1,0,aerobic,S. gordonii CH1,0.0019006889997624154
0,0,0,1,1,1,1,0,0,0,0,1,1,1,0,0,0,1,1,1,aerobic,S. gordonii CH1,0.0012084592145015075
0,0,0,1,1,1,1,0,0,1,1,0,0,1,0,1,0,0,0,1,aerobic,S. gordonii CH1,0.002521471909227009
0,0,0,1,1,1,1,0,1,0,1,1,0,0,0,1,1,1,1,1,aerobic,S. gordonii CH1,0.0024257738471257085
0,0,0,1,1,1,1,0,1,1,0,0,1,1,0,1,1,0,1,0,aerobic,S. gordonii CH1,0.0025462164814470975
0,0,0,1,1,1,1,0,1,1,0,1,1,0,0,0,1,1,1,0,aerobic,S. gordonii CH1,0.0011618337609527048
0,0,0,1,1,1,1,0,1,1,1,1,1,1,1,0,1,1,1,1,aerobic,S. gordonii CH1,0.0025342519996832164
0,0,1,0,0,1,0,0,0,1,0,0,1,1,1,1,1,1,1,1,aerobic,S. gordonii CH1,0.0018911039319202557
0,0,1,0,0,0,0,0,0,1,1,1,1,1,0,1,1,1,1,1,aerobic,S. gordonii CH1,0.000597966912497509
0,0,1,0,0,0,0,0,1,0,0,1,0,1,1,0,0,1,0,1,aerobic,S. gordonii CH1,0.00189274447949527
0,0,1,0,0,0,0,0,1,1,0,0,0,1,1,1,1,1,0,0,aerobic,S. gordonii CH1,0.002387109608116171
0,0,1,0,0,0,0,0,1,1,1,0,0,0,1,0,1,0,0,1,aerobic,S. gordonii CH1,0.0012641226198941264
0,0,1,0,0,0,1,0,1,0,0,1,0,1,1,0,0,1,0,1,aerobic,S. gordonii CH1,0.0006042296072507558
0,0,1,0,0,1,1,0,1,0,0,0,1,1,1,1,0,1,1,1,aerobic,S. gordonii CH1,0.010309538850284265
0,0,1,0,0,1,1,0,1,0,0,1,1,1,0,0,0,1,1,1,aerobic,S. gordonii CH1,0.003182770601808873
0,0,1,0,1,1,0,0,0,0,1,1,0,0,0,0,0,1,1,0,aerobic,S. gordonii CH1,0.002904584402381762
0,0,1,0,1,1,0,0,0,0,1,1,0,1,0,0,0,0,1,1,aerobic,S. gordonii CH1,0.0025342519996832164
0,0,1,0,1,1,0,0,0,1,0,1,0,0,1,0,1,1,0,1,aerobic,S. gordonii CH1,0.0017939007374925227
0,0,1,0,1,1,0,0,1,1,0,0,1,0,0,0,0,1,1,0,aerobic,S. gordonii CH1,0.0018927444794952656
0,0,1,0,1,0,0,0,0,0,1,1,1,0,0,0,1,0,1,1,aerobic,S. gordonii CH1,0.0005809168804763524
0,0,1,0,1,0,0,0,1,0,0,1,0,0,0,0,0,0,0,0,aerobic,S. gordonii CH1,0.0006335629999208052
0,0,1,0,1,0,0,0,1,0,0,1,1,1,1,0,1,0,0,1,aerobic,S. gordonii CH1,0.0005979669124975048
0,0,1,0,1,0,0,0,1,1,0,0,0,0,1,0,1,1,1,1,aerobic,S. gordonii CH1,0.0011935548040580874
0,0,1,0,1,0,0,0,1,1,0,0,0,0,0,0,1,1,0,1,aerobic,S. gordonii CH1,0.0
0,0,1,0,1,0,0,0,1,1,0,0,0,0,0,1,1,0,0,0,aerobic,S. gordonii CH1,0.0012641226198941307
0,0,1,0,1,0,1,0,1,0,0,0,0,0,0,0,0,0,1,1,aerobic,S. gordonii CH1,0.0012084592145015117
0,0,1,0,1,0,1,0,1,0,0,1,0,0,1,0,1,0,1,1,aerobic,S. gordonii CH1,0.0012607359546135068
0,0,1,0,1,0,1,0,1,1,0,0,0,0,1,1,0,0,1,0,aerobic,S. gordonii CH1,0.001212886923562852
0,0,1,0,1,0,1,0,1,1,1,0,0,0,1,0,0,0,1,1,aerobic,S. gordonii CH1,0.001273108240723551
0,0,1,0,1,1,1,0,0,0,0,1,1,0,0,0,0,0,0,0,aerobic,S. gordonii CH1,0.0005967774020290437
0,0,1,0,1,1,1,0,0,0,0,1,1,0,1,0,1,0,0,0,aerobic,S. gordonii CH1,0.0012641226198941307
0,0,1,0,1,1,1,0,1,1,1,0,0,0,0,0,0,1,0,1,aerobic,S. gordonii CH1,0.0012084592145015075
0,0,1,0,1,1,1,0,1,1,1,0,1,1,1,0,1,0,0,1,aerobic,S. gordonii CH1,0.0012607359546135022
0,0,1,1,0,1,0,0,0,0,0,0,1,0,0,1,0,0,1,1,aerobic,S. gordonii CH1,0.0017427506414290572
0,0,1,1,0,1,0,0,0,1,1,0,1,0,1,0,1,1,1,0,aerobic,S. gordonii CH1,0.0019006889997624154
0,0,1,1,0,1,0,0,1,1,0,1,1,0,0,0,0,0,0,1,aerobic,S. gordonii CH1,0.0029898345624875407
0,0,1,1,0,1,0,0,1,1,1,1,0,0,0,1,0,1,0,1,aerobic,S. gordonii CH1,0.002523659305993689
0,0,1,1,0,0,0,0,1,1,1,0,0,1,1,0,0,0,1,1,aerobic,S. gordonii CH1,0.0006064434617814281
0,0,1,1,0,0,1,0,1,1,1,0,1,0,0,1,1,1,0,1,aerobic,S. gordonii CH1,0.003819324722170648
0,0,1,1,0,1,1,0,0,0,1,0,0,1,0,0,1,1,0,0,aerobic,S. gordonii CH1,0.0011935548040580874
0,0,1,1,0,1,1,0,0,0,1,0,1,1,1,1,1,1,0,1,aerobic,S. gordonii CH1,0.0018961839298411915
0,0,1,1,0,1,1,0,0,1,1,0,1,1,0,0,1,1,1,1,aerobic,S. gordonii CH1,0.004229607250755286
0,0,1,1,0,1,1,0,1,0,1,0,0,1,0,1,0,0,0,0,aerobic,S. gordonii CH1,0.0006303679773067534
0,0,1,1,0,1,1,0,1,1,0,0,0,1,0,0,0,0,1,0,aerobic,S. gordonii CH1,0.001212886923562852
0,0,1,1,0,1,1,0,1,1,1,0,0,0,0,0,0,1,1,0,aerobic,S. gordonii CH1,0.0012731082407235464
0,0,1,1,0,1,1,0,1,1,1,1,0,1,1,1,1,0,0,0,aerobic,S. gordonii CH1,0.0005809168804763524
0,0,1,1,1,1,0,0,0,0,1,0,1,0,1,1,1,1,0,0,aerobic,S. gordonii CH1,0.0024257738471257085
0,0,1,1,1,1,0,0,0,0,1,0,1,1,1,1,0,0,1,0,aerobic,S. gordonii CH1,0.001273108240723551
0,0,1,1,1,1,0,0,1,0,1,0,1,0,1,0,1,1,0,1,aerobic,S. gordonii CH1,0.001742750641429053
0,0,1,1,1,1,0,0,1,1,1,0,0,1,1,0,1,0,0,1,aerobic,S. gordonii CH1,0.0025342519996832164
0,0,1,1,1,0,0,0,0,0,0,1,0,0,1,0,0,0,0,1,aerobic,S. gordonii CH1,0.001267125999841606
0,0,1,1,1,0,0,0,0,0,1,0,0,0,0,0,1,0,0,1,aerobic,S. gordonii CH1,0.0011959338249950139
0,0,1,1,1,0,0,0,0,0,1,0,1,1,1,1,1,1,0,1,aerobic,S. gordonii CH1,0.0018927444794952656
0,0,1,1,1,0,0,0,0,0,1,1,0,1,1,0,0,0,1,1,aerobic,S. gordonii CH1,0.0011935548040580832
0,0,1,1,1,0,0,0,0,1,0,0,0,1,1,1,0,0,1,1,aerobic,S. gordonii CH1,0.0012641226198941264
0,0,1,1,1,0,0,0,0,1,0,1,1,1,1,1,1,0,0,0,aerobic,S. gordonii CH1,0.0006042296072507516
0,0,1,1,1,0,0,0,0,1,1,0,0,0,0,1,1,0,1,1,aerobic,S. gordonii CH1,0.0012607359546135022
0,0,1,1,1,0,0,0,0,1,1,1,1,1,1,0,0,1,0,0,aerobic,S. gordonii CH1,0.001212886923562852
0,0,1,1,1,0,0,0,1,0,1,1,0,0,0,1,0,0,1,1,aerobic,S. gordonii CH1,0.001909662361085322
0,0,1,1,1,0,0,0,1,1,0,1,0,0,0,0,0,1,1,1,aerobic,S. gordonii CH1,0.0005809168804763483
0,0,1,1,1,0,0,0,1,1,0,1,0,1,1,1,0,1,0,0,aerobic,S. gordonii CH1,0.0012671259998416104
0,0,1,1,1,0,0,0,1,1,1,0,1,1,1,0,1,0,1,0,aerobic,S. gordonii CH1,0.000597966912497509
0,0,1,1,1,0,1,0,0,0,0,1,0,0,0,0,1,0,1,1,aerobic,S. gordonii CH1,0.0018927444794952656
0,0,1,1,1,0,1,0,0,0,0,1,0,0,0,0,1,1,1,0,aerobic,S. gordonii CH1,0.0011935548040580832
0,0,1,1,1,0,1,0,0,0,0,1,1,1,0,1,0,1,1,0,aerobic,S. gordonii CH1,0.0012641226198941307
0,0,1,1,1,0,1,0,0,0,1,1,0,0,1,1,1,1,0,1,aerobic,S. gordonii CH1,0.002416918429003019
0,0,1,1,1,0,1,0,1,0,0,0,0,0,1,1,0,0,1,1,aerobic,S. gordonii CH1,0.00189110393192026
0,0,1,1,1,1,1,0,0,0,0,0,1,1,0,1,1,0,1,0,aerobic,S. gordonii CH1,0.0029898345624875407
0,0,1,1,1,1,1,0,0,1,0,1,0,1,0,1,1,0,0,0,aerobic,S. gordonii CH1,0.00189274447949527
0,0,1,1,1,1,1,0,0,1,1,1,1,1,0,1,1,0,1,0,aerobic,S. gordonii CH1,0.002387109608116171
0,0,1,1,1,1,1,0,1,1,0,0,1,0,1,0,0,1,1,0,aerobic,S. gordonii CH1,0.0012641226198941264
0,0,1,1,1,1,1,0,1,1,0,1,1,1,1,1,0,0,1,1,aerobic,S. gordonii CH1,0.002416918429003019
0,1,0,0,0,1,0,0,0,1,1,0,1,0,0,0,0,1,0,1,aerobic,S. gordonii CH1,0.0011935548040580874
0,1,0,0,0,1,0,0,0,1,1,1,1,0,1,1,1,0,1,1,aerobic,S. gordonii CH1,0.011377103579047167
0,1,0,0,0,1,0,0,1,1,0,0,1,0,1,1,1,0,1,1,aerobic,S. gordonii CH1,0.0030211480362537747
0,1,0,0,0,1,0,0,1,1,0,1,0,0,1,0,1,0,0,1,aerobic,S. gordonii CH1,0.0006303679773067489
0,1,0,0,0,1,0,0,1,1,0,1,0,1,0,0,0,0,1,1,aerobic,S. gordonii CH1,0.0018193303853442802
0,1,0,0,0,1,0,0,1,1,1,1,0,1,0,1,0,1,1,1,aerobic,S. gordonii CH1,0.7715035938784711
0,1,0,0,0,0,0,0,0,0,0,1,0,0,0,0,1,0,0,0,aerobic,S. gordonii CH1,0.0012607359546135022
0,1,0,0,0,0,0,0,0,0,1,1,1,1,1,0,1,1,0,0,aerobic,S. gordonii CH1,0.0036386607706885687
0,1,0,0,0,0,1,0,0,0,1,1,0,1,1,0,1,0,0,0,aerobic,S. gordonii CH1,0.001273108240723551
0,1,0,0,0,0,1,0,0,1,0,0,0,0,0,1,1,1,1,1,aerobic,S. gordonii CH1,0.001742750641429053
0,1,0,0,0,0,1,0,1,0,0,1,0,1,1,0,1,0,0,1,aerobic,S. gordonii CH1,0.0063356299992080424
0,1,0,0,0,0,1,0,1,1,1,0,1,0,1,0,1,0,1,1,aerobic,S. gordonii CH1,0.0017939007374925227
0,1,0,0,0,0,1,0,1,1,1,1,1,1,0,0,1,1,1,0,aerobic,S. gordonii CH1,0.00189274447949527
0,1,0,0,0,1,1,0,0,1,0,0,0,0,0,1,0,0,0,0,aerobic,S. gordonii CH1,0.0011618337609527007
0,1,0,0,0,1,1,0,1,1,0,0,1,1,0,0,0,1,0,0,aerobic,S. gordonii CH1,0.001900688999762411
0,1,0,0,0,1,1,0,1,1,0,1,0,1,1,1,0,1,1,1,aerobic,S. gordonii CH1,0.00358780147498505
0,1,0,0,0,1,1,0,1,1,1,1,0,0,0,0,0,1,0,0,aerobic,S. gordonii CH1,0.00189274447949527
0,1,0,0,1,1,0,0,0,0,1,0,0,0,0,0,1,0,1,1,aerobic,S. gordonii CH1,0.0018927444794952656
0,1,0,0,1,1,0,0,0,0,1,0,0,1,0,1,0,0,0,0,aerobic,S. gordonii CH1,0.002387109608116171
0,1,0,0,1,1,0,0,0,1,0,0,0,0,0,1,0,0,0,1,aerobic,S. gordonii CH1,0.0031603065497353222
0,1,0,0,1,1,0,0,1,0,0,1,1,0,1,0,0,0,1,1,aerobic,S. gordonii CH1,0.0006042296072507558
0,1,0,0,1,1,0,0,1,0,1,1,0,0,0,1,0,0,0,0,aerobic,S. gordonii CH1,0.002521471909227009
0,1,0,0,1,1,0,0,1,0,1,1,0,0,1,1,1,0,1,1,aerobic,S. gordonii CH1,0.11340492735312696
0,1,0,0,1,0,0,0,0,0,0,0,0,0,0,1,1,1,0,1,aerobic,S. gordonii CH1,0.0011935548040580874
0,1,0,0,1,0,0,0,0,0,0,1,1,0,0,0,0,1,0,1,aerobic,S. gordonii CH1,0.0012641226198941264
0,1,0,0,1,0,0,0,1,1,0,0,0,0,0,0,1,0,1,1,aerobic,S. gordonii CH1,0.0018126888217522674
0,1,0,0,1,0,0,0,1,1,1,1,1,1,0,0,1,1,1,0,aerobic,S. gordonii CH1,0.0012607359546135022
0,1,0,0,1,0,1,0,0,1,1,0,0,1,0,1,0,1,0,1,aerobic,S. gordonii CH1,0.0030322173089071406
0,1,0,0,1,0,1,0,1,0,1,0,1,0,1,0,0,1,1,0,aerobic,S. gordonii CH1,0.0006365541203617755
0,1,0,0,1,0,1,0,1,0,1,1,1,0,1,0,1,1,1,0,aerobic,S. gordonii CH1,0.001742750641429053
0,1,0,0,1,0,1,0,1,1,0,0,0,0,1,1,0,0,0,0,aerobic,S. gordonii CH1,0.0019006889997624154
0,1,0,0,1,0,1,0,1,1,1,0,1,0,0,1,1,1,0,0,aerobic,S. gordonii CH1,0.0029898345624875446
0,1,0,0,1,1,1,0,0,0,0,0,0,1,1,1,0,1,1,0,aerobic,S. gordonii CH1,0.001273108240723551
0,1,0,0,1,1,1,0,0,0,0,1,0,1,0,1,0,0,0,0,aerobic,S. gordonii CH1,0.0017427506414290572
0,1,0,0,1,1,1,0,0,1,0,0,0,0,0,0,0,0,0,1,aerobic,S. gordonii CH1,0.0031678149996040212
0,1,0,0,1,1,1,0,0,1,0,1,0,0,1,1,1,1,1,1,aerobic,S. gordonii CH1,0.010763404424955148
0,1,0,0,1,1,1,0,1,0,0,1,1,0,1,1,0,0,0,0,aerobic,S. gordonii CH1,0.002523659305993693
0,1,0,0,1,1,1,0,1,1,0,0,1,0,0,1,1,1,0,0,aerobic,S. gordonii CH1,0.0023871096081161747
0,1,0,1,0,1,0,0,0,0,0,1,0,0,0,0,1,1,0,1,aerobic,S. gordonii CH1,0.0017939007374925227
0,1,0,1,0,1,0,0,0,1,0,0,0,0,0,1,0,1,1,1,aerobic,S. gordonii CH1,0.0012618296529968466
0,1,0,1,0,1,0,0,1,0,1,0,1,0,0,1,1,1,1,0,aerobic,S. gordonii CH1,0.004177441814203302
0,1,0,1,0,1,0,0,1,1,0,1,0,1,1,0,0,1,0,0,aerobic,S. gordonii CH1,0.0018961839298411915
0,1,0,1,0,0,0,0,0,0,1,0,1,1,1,1,0,0,0,0,aerobic,S. gordonii CH1,0.0012641226198941264
0,1,0,1,0,0,0,0,0,1,0,0,1,0,1,1,0,1,1,1,aerobic,S. gordonii CH1,0.003625377643504531
0,1,0,1,0,0,0,0,0,1,1,1,0,0,0,0,1,1,0,1,aerobic,S. gordonii CH1,0.0012607359546135022
0,1,0,1,0,0,1,0,0,0,0,0,1,0,0,0,1,1,0,1,aerobic,S. gordonii CH1,0.005457991156032849
0,1,0,1,0,0,1,0,0,0,0,1,1,1,0,1,1,1,0,1,aerobic,S. gordonii CH1,0.007002095323979525
0,1,0,1,0,0,1,0,0,1,0,0,1,1,0,0,0,1,1,0,aerobic,S. gordonii CH1,0.0005809168804763524
0,1,0,1,0,0,1,0,1,0,1,0,1,1,1,0,1,0,0,1,aerobic,S. gordonii CH1,0.001900688999762411
0,1,0,1,0,1,1,0,0,0,0,0,1,0,0,0,0,0,1,0,aerobic,S. gordonii CH1,0.0024169184290030233
0,1,0,1,0,1,1,0,1,0,0,0,0,1,0,1,0,1,0,0,aerobic,S. gordonii CH1,0.002521471909227009
0,1,0,1,0,1,1,0,1,0,0,1,0,1,0,1,0,1,1,1,aerobic,S. gordonii CH1,0.021831964624131395
0,1,0,1,0,1,1,0,1,1,0,1,1,1,1,0,0,1,1,1,aerobic,S. gordonii CH1,0.003182770601808877
0,1,0,1,0,1,1,0,1,1,1,0,0,0,1,0,1,0,1,0,aerobic,S. gordonii CH1,0.0029045844023817577
0,1,0,1,1,1,0,0,0,0,1,1,1,1,1,1,0,0,1,0,aerobic,S. gordonii CH1,0.003625377643504531
0,1,0,1,1,1,0,0,0,1,1,1,0,1,1,1,0,0,0,0,aerobic,S. gordonii CH1,0.00189110393192026
0,1,0,1,1,0,0,0,0,0,0,1,1,1,1,0,0,0,1,1,aerobic,S. gordonii CH1,0.001900688999762411
0,1,0,1,1,0,0,0,0,0,1,1,1,0,1,0,0,1,0,1,aerobic,S. gordonii CH1,0.001195933824995018
0,1,0,1,1,0,0,0,0,0,1,1,1,0,1,0,0,1,1,0,aerobic,S. gordonii CH1,0.0018927444794952656
0,1,0,1,1,0,0,0,1,1,1,1,1,0,0,1,0,1,0,0,aerobic,S. gordonii CH1,0.001790332206087127
0,1,0,1,1,0,1,0,1,0,0,1,1,0,1,1,0,0,0,0,aerobic,S. gordonii CH1,0.0031603065497353222
0,1,0,1,1,1,1,0,0,1,0,0,0,1,1,0,0,0,1,1,aerobic,S. gordonii CH1,0.0018193303853442802
0,1,0,1,1,1,1,0,1,0,0,0,0,1,1,0,1,0,1,1,aerobic,S. gordonii CH1,0.0012731082407235464
0,1,0,1,1,1,1,0,1,0,1,0,0,0,1,1,1,0,1,1,aerobic,S. gordonii CH1,0.011037420729050687
0,1,0,1,1,1,1,0,1,0,1,1,0,1,1,1,1,1,0,1,aerobic,S. gordonii CH1,0.003801377999524831
0,1,0,1,1,1,1,0,1,1,0,1,1,1,0,0,0,0,0,1,aerobic,S. gordonii CH1,0.001195933824995018
0,1,0,1,1,1,1,0,1,1,1,0,1,0,1,0,1,0,1,1,aerobic,S. gordonii CH1,0.0018927444794952656
0,1,0,1,1,1,1,0,1,1,1,1,0,0,0,1,1,1,0,1,aerobic,S. gordonii CH1,0.003580664412174258
0,1,1,0,0,1,0,0,0,1,1,0,0,1,1,1,1,0,1,0,aerobic,S. gordonii CH1,0.008201892744479494
0,1,1,0,0,1,0,0,1,0,0,0,0,0,1,0,1,1,1,0,aerobic,S. gordonii CH1,0.001790332206087127
0,1,1,0,0,1,0,0,1,0,0,1,0,0,1,0,0,1,1,0,aerobic,S. gordonii CH1,0.0018961839298411915
0,1,1,0,0,1,0,0,1,1,0,1,0,1,0,1,1,1,1,0,aerobic,S. gordonii CH1,0.003625377643504531
0,1,1,0,0,1,0,0,1,1,1,1,0,0,1,1,1,0,0,1,aerobic,S. gordonii CH1,0.0018911039319202557
0,1,1,0,0,0,0,0,0,1,1,0,0,1,1,1,0,0,0,0,aerobic,S. gordonii CH1,0.003792367859682388
0,1,1,0,0,0,0,0,0,1,1,1,0,1,0,0,1,1,0,0,aerobic,S. gordonii CH1,0.0024169184290030233
0,1,1,0,0,0,0,0,1,1,0,0,1,0,0,0,0,1,1,0,aerobic,S. gordonii CH1,0.0006303679773067489
0,1,1,0,0,0,0,0,1,1,0,1,1,0,1,0,0,0,1,0,aerobic,S. gordonii CH1,0.0036386607706885687
0,1,1,0,0,0,0,0,1,1,1,0,1,0,1,0,0,0,1,1,aerobic,S. gordonii CH1,0.0006365541203617755
0,1,1,0,0,0,1,0,0,0,1,0,1,1,1,0,1,1,1,0,aerobic,S. gordonii CH1,0.004647335043810815
0,1,1,0,0,0,1,0,0,1,0,1,0,0,0,0,1,0,1,1,aerobic,S. gordonii CH1,0.0006335629999208052
0,1,1,0,0,0,1,0,1,0,1,1,1,1,0,1,0,0,1,1,aerobic,S. gordonii CH1,0.2565278054614311
0,1,1,0,0,1,1,0,0,0,1,1,1,0,0,1,0,0,0,0,aerobic,S. gordonii CH1,0.0018193303853442802
0,1,1,0,0,1,1,0,1,1,0,1,0,1,1,0,0,0,0,1,aerobic,S. gordonii CH1,-0.003819324722170648
0,1,1,0,0,1,1,0,1,1,1,1,1,0,0,0,1,1,0,0,aerobic,S. gordonii CH1,0.005228251924287167
0,1,1,0,1,1,0,0,1,0,0,0,1,0,0,0,0,1,1,1,aerobic,S. gordonii CH1,0.0005809168804763524
0,1,1,0,1,1,0,0,1,1,0,0,1,0,1,0,1,1,0,0,aerobic,S. gordonii CH1,0.0019006889997624154
0,1,1,0,1,1,0,0,1,1,0,1,0,1,1,0,1,0,1,0,aerobic,S. gordonii CH1,0.0011959338249950139
0,1,1,0,1,0,0,0,0,1,0,1,0,1,1,0,1,0,0,1,aerobic,S. gordonii CH1,0.001267125999841606
0,1,1,0,1,0,0,0,0,1,1,0,1,0,0,1,1,1,0,0,aerobic,S. gordonii CH1,0.001195933824995018
0,1,1,0,1,0,0,0,1,1,1,0,0,1,1,1,0,1,0,1,aerobic,S. gordonii CH1,0.0012618296529968466
0,1,1,0,1,0,1,0,0,1,0,1,0,0,1,0,0,1,0,1,aerobic,S. gordonii CH1,0.0011935548040580874
0,1,1,0,1,0,1,0,0,1,0,1,1,1,1,1,0,0,1,1,aerobic,S. gordonii CH1,0.02591451370782966
0,1,1,0,1,0,1,0,1,0,0,1,1,0,0,1,1,1,0,0,aerobic,S. gordonii CH1,0.0030211480362537747
0,1,1,0,1,0,1,0,1,0,1,0,0,0,1,1,1,0,0,0,aerobic,S. gordonii CH1,0.0018911039319202557
0,1,1,0,1,0,1,0,1,1,0,0,1,1,1,1,1,0,0,1,aerobic,S. gordonii CH1,0.0036386607706885687
0,1,1,0,1,0,1,0,1,1,1,0,0,0,1,1,0,1,0,1,aerobic,S. gordonii CH1,0.003819324722170648
0,1,1,0,1,1,1,0,0,0,0,0,1,0,0,1,1,1,0,0,aerobic,S. gordonii CH1,0.0018927444794952656
0,1,1,0,1,1,1,0,0,1,1,0,1,0,1,1,1,1,1,0,aerobic,S. gordonii CH1,0.0029838870101452143
0,1,1,0,1,1,1,0,1,0,0,0,0,1,0,1,1,0,0,0,aerobic,S. gordonii CH1,0.002528245239788257
0,1,1,1,0,1,0,0,0,0,1,1,1,1,0,0,0,0,1,1,aerobic,S. gordonii CH1,0.002416918429003019
0,1,1,1,0,1,0,0,1,0,1,0,0,0,1,0,0,0,0,1,aerobic,S. gordonii CH1,0.002521471909227009
0,1,1,1,0,1,0,0,1,1,0,0,0,0,0,0,0,1,0,0,aerobic,S. gordonii CH1,0.008490208464939985
0,1,1,1,0,1,0,0,1,1,1,0,0,1,0,0,1,1,1,0,aerobic,S. gordonii CH1,0.001909662361085322
0,1,1,1,0,0,0,0,0,0,0,0,0,1,1,0,0,0,1,1,aerobic,S. gordonii CH1,0.0018126888217522633
0,1,1,1,0,0,0,0,0,1,1,1,1,0,1,0,1,1,0,0,aerobic,S. gordonii CH1,0.0012607359546135022
0,1,1,1,0,0,0,0,1,0,0,0,0,0,1,1,1,0,0,1,aerobic,S. gordonii CH1,0.0018193303853442802
0,1,1,1,0,0,0,0,1,0,0,0,1,0,0,0,0,1,1,0,aerobic,S. gordonii CH1,0.002546216481447102
0,1,1,1,0,0,1,0,0,0,0,1,1,1,1,0,0,0,1,1,aerobic,S. gordonii CH1,0.0023236675219054054
0,1,1,1,0,0,1,0,0,0,1,0,0,0,0,1,1,0,0,1,aerobic,S. gordonii CH1,0.0025342519996832207
0,1,1,1,0,0,1,0,0,1,0,0,0,1,1,0,0,0,1,1,aerobic,S. gordonii CH1,0.001195933824995018
0,1,1,1,0,0,1,0,1,0,0,0,1,1,0,0,0,1,1,0,aerobic,S. gordonii CH1,0.0037854889589905355
0,1,1,1,0,0,1,0,1,0,1,1,1,0,1,1,1,1,0,1,aerobic,S. gordonii CH1,0.004774219216232346
0,1,1,1,0,0,1,0,1,0,1,1,1,1,1,1,0,1,0,0,aerobic,S. gordonii CH1,0.002528245239788257
0,1,1,1,0,1,1,0,0,0,0,0,1,0,0,0,1,0,0,1,aerobic,S. gordonii CH1,0.0034855012828581143
0,1,1,1,1,1,0,0,1,1,0,0,1,1,0,0,1,1,1,1,aerobic,S. gordonii CH1,0.0017939007374925269
0,1,1,1,1,1,0,0,1,1,1,1,0,1,0,0,0,0,1,0,aerobic,S. gordonii CH1,0.00189274447949527
0,1,1,1,1,0,0,0,0,0,1,0,1,1,0,1,1,0,0,0,aerobic,S. gordonii CH1,0.001900688999762411
0,1,1,1,1,0,0,0,0,0,1,1,1,1,0,1,0,0,1,1,aerobic,S. gordonii CH1,0.0011959338249950139
0,1,1,1,1,0,0,0,0,1,1,1,0,0,1,1,1,0,1,0,aerobic,S. gordonii CH1,0.0012618296529968423
0,1,1,1,1,0,0,0,1,0,0,0,0,1,1,0,0,0,0,0,aerobic,S. gordonii CH1,0.0011935548040580832
0,1,1,1,1,0,0,0,1,1,1,1,1,0,1,1,1,0,0,0,aerobic,S. gordonii CH1,0.0012641226198941307
0,1,1,1,1,0,1,0,0,0,0,0,0,0,1,0,1,1,0,0,aerobic,S. gordonii CH1,0.0012084592145015075
0,1,1,1,1,0,1,0,0,1,0,0,0,0,0,1,0,1,0,1,aerobic,S. gordonii CH1,0.00378220786384052
0,1,1,1,1,0,1,0,0,1,1,1,0,0,0,0,0,1,1,1,aerobic,S. gordonii CH1,0.0018193303853442843
0,1,1,1,1,0,1,0,1,0,0,1,0,1,1,0,1,0,1,0,aerobic,S. gordonii CH1,0.000636554120361771
0,1,1,1,1,0,1,0,1,0,1,0,0,1,0,1,1,0,1,1,aerobic,S. gordonii CH1,0.9277242581207339
0,1,1,1,1,0,1,0,1,0,1,1,0,0,0,0,1,0,0,0,aerobic,S. gordonii CH1,0.001900688999762411
0,1,1,1,1,1,1,0,0,0,1,0,0,1,1,0,1,0,1,1,aerobic,S. gordonii CH1,0.0011935548040580832
0,1,1,1,1,1,1,0,0,1,0,1,1,1,0,1,1,0,0,0,aerobic,S. gordonii CH1,0.0018961839298411915
0,1,1,1,1,1,1,0,0,1,1,1,1,1,0,0,1,1,1,1,aerobic,S. gordonii CH1,0.0018126888217522633
0,1,1,1,1,1,1,0,1,0,0,1,1,1,1,0,1,1,0,1,aerobic,S. gordonii CH1,0.0012607359546135022
0,1,1,1,1,1,1,1,0,0,0,0,0,0,1,1,1,0,0,0,aerobic,S. gordonii CH1,0.0018193303853442843
0,1,1,1,1,1,1,1,1,0,0,1,0,0,0,0,0,1,0,0,aerobic,S. gordonii CH1,0.0012731082407235464
0,1,1,1,1,1,1,1,1,0,0,1,0,1,0,1,1,0,0,1,aerobic,S. gordonii CH1,0.0029045844023817577
0,1,1,1,1,1,1,1,1,0,1,0,1,0,1,1,0,1,1,1,aerobic,S. gordonii CH1,0.0411815949948523
1,0,0,0,0,1,0,1,0,0,0,1,0,0,1,1,0,0,0,0,aerobic,S. gordonii CH1,0.0019006889997624154
1,0,0,0,0,1,0,1,0,0,1,0,1,0,1,1,1,1,1,0,aerobic,S. gordonii CH1,0.0017939007374925227
1,0,0,0,0,1,0,1,0,1,0,1,0,1,0,0,0,0,0,1,aerobic,S. gordonii CH1,0.0012618296529968423
1,0,0,0,0,1,0,1,0,1,1,1,1,0,0,0,0,1,1,1,aerobic,S. gordonii CH1,0.001790332206087127
1,0,0,0,0,1,0,1,1,0,1,1,0,0,0,0,0,1,0,1,aerobic,S. gordonii CH1,0.0063206130994706445
1,0,0,0,0,1,0,1,1,1,1,0,0,0,1,0,1,0,1,1,aerobic,S. gordonii CH1,0.003625377643504531
1,0,0,0,0,0,0,1,0,0,0,0,0,0,0,1,1,0,0,0,aerobic,S. gordonii CH1,0.0029045844023817577
1,0,0,0,0,0,0,1,0,0,0,1,0,1,1,1,0,0,1,0,aerobic,S. gordonii CH1,0.0006335629999208052
1,0,0,0,0,0,0,1,0,0,1,0,0,0,1,1,0,1,0,0,aerobic,S. gordonii CH1,0.0017939007374925269
1,0,0,0,0,0,0,1,0,1,0,0,1,1,1,1,0,1,1,1,aerobic,S. gordonii CH1,0.0018927444794952656
1,0,0,0,0,0,0,1,0,1,1,0,0,1,1,1,0,0,1,1,aerobic,S. gordonii CH1,0.0011935548040580874
1,0,0,0,0,0,1,1,0,0,0,0,0,1,0,1,1,0,0,1,aerobic,S. gordonii CH1,0.0018961839298411915
1,0,0,0,0,0,1,1,0,0,0,1,1,0,0,1,0,1,0,1,aerobic,S. gordonii CH1,0.007854984894259818
1,0,0,0,0,0,1,1,0,0,1,1,0,1,0,1,1,1,0,0,aerobic,S. gordonii CH1,0.0012607359546135022
1,0,0,0,0,0,1,1,0,1,0,1,1,1,0,0,1,1,0,1,aerobic,S. gordonii CH1,0.0018193303853442802
1,0,0,0,0,0,1,1,0,1,1,0,1,1,0,1,0,0,0,1,aerobic,S. gordonii CH1,0.01655040712940615
1,0,0,0,0,0,1,1,1,0,0,1,1,1,1,1,0,0,0,0,aerobic,S. gordonii CH1,0.0011618337609527007
1,0,0,0,0,1,1,1,0,0,1,1,0,0,1,0,1,0,0,0,aerobic,S. gordonii CH1,0.0006303679773067534
1,0,0,0,0,1,1,1,1,0,0,1,1,0,1,0,0,0,1,1,aerobic,S. gordonii CH1,0.004245104232469997
1,0,0,0,0,1,1,1,1,0,1,0,0,1,0,0,1,1,1,1,aerobic,S. gordonii CH1,0.001909662361085322
1,0,0,0,0,1,1,1,1,1,0,1,1,1,1,1,0,0,1,0,aerobic,S. gordonii CH1,0.0011618337609527048
1,0,0,0,1,1,0,1,0,1,1,0,1,1,0,0,0,1,1,1,aerobic,S. gordonii CH1,0.0018911039319202557
1,0,0,0,1,1,0,1,0,1,1,1,0,0,0,0,1,0,0,0,aerobic,S. gordonii CH1,0.001212886923562852
1,0,0,0,1,1,0,1,0,1,1,1,0,0,0,1,1,0,1,0,aerobic,S. gordonii CH1,0.002546216481447102
1,0,0,0,1,1,0,1,1,0,0,1,1,1,0,1,0,1,0,0,aerobic,S. gordonii CH1,0.0017427506414290572
1,0,0,0,1,0,0,1,0,0,0,0,1,1,1,1,1,0,1,1,aerobic,S. gordonii CH1,0.0019006889997624154
1,0,0,0,1,0,0,1,1,0,1,0,0,0,0,0,0,0,1,1,aerobic,S. gordonii CH1,0.0011959338249950139
1,0,0,0,1,0,1,1,1,0,0,0,0,1,1,1,1,1,1,1,aerobic,S. gordonii CH1,0.03785488958990536
1,0,0,0,1,0,1,1,1,0,0,0,1,1,0,0,1,0,1,1,aerobic,S. gordonii CH1,0.001790332206087127
1,0,0,0,1,0,1,1,1,0,1,0,0,0,1,1,1,1,1,0,aerobic,S. gordonii CH1,0.0031603065497353222
1,0,0,0,1,0,1,1,1,1,0,1,1,0,1,0,0,0,0,1,aerobic,S. gordonii CH1,0.0024169184290030233
1,0,0,0,1,1,1,1,0,1,0,0,0,0,0,1,0,1,1,0,aerobic,S. gordonii CH1,0.0031678149996040212
1,0,0,0,1,1,1,1,0,1,0,0,0,0,0,1,1,0,1,0,aerobic,S. gordonii CH1,0.0011959338249950139
1,0,0,0,1,1,1,1,0,1,0,1,1,0,0,0,1,0,1,1,aerobic,S. gordonii CH1,0.0018927444794952656
1,0,0,0,1,1,1,1,0,1,0,1,1,1,0,0,1,1,0,1,aerobic,S. gordonii CH1,0.0011935548040580874
1,0,0,0,1,1,1,1,1,0,0,1,0,1,1,1,0,0,0,1,aerobic,S. gordonii CH1,0.0012641226198941307
1,0,0,0,1,1,1,1,1,1,1,1,1,0,1,0,0,1,0,0,aerobic,S. gordonii CH1,0.0018126888217522633
1,0,0,1,0,1,0,1,0,0,0,0,0,1,1,0,1,0,1,0,aerobic,S. gordonii CH1,0.0012084592145015117
1,0,0,1,0,1,0,1,0,1,1,1,1,0,1,0,0,0,1,0,aerobic,S. gordonii CH1,0.0012607359546135022
1,0,0,1,0,1,0,1,1,0,1,1,0,0,0,1,1,1,0,1,aerobic,S. gordonii CH1,0.0042451042324699925
1,0,0,1,0,1,0,1,1,1,0,0,0,0,0,0,1,1,1,1,aerobic,S. gordonii CH1,0.001909662361085322
1,0,0,1,0,1,0,1,1,1,0,0,1,0,1,0,1,1,0,0,aerobic,S. gordonii CH1,0.0023236675219054054
1,0,0,1,0,1,0,1,1,1,1,0,0,1,0,1,0,1,1,0,aerobic,S. gordonii CH1,0.0031678149996040256
1,0,0,1,0,1,0,1,1,1,1,1,1,1,0,0,1,0,1,0,aerobic,S. gordonii CH1,0.0023918676499900316
1,0,0,1,0,1,0,1,1,1,1,1,1,1,0,1,1,0,0,0,aerobic,S. gordonii CH1,0.0018927444794952656
1,0,0,1,0,0,0,1,0,0,0,0,0,0,0,0,0,0,1,1,aerobic,S. gordonii CH1,0.0012607359546135022
1,0,0,1,0,0,0,1,0,1,1,0,1,0,0,1,1,1,1,1,aerobic,S. gordonii CH1,0.0018193303853442802
1,0,0,1,0,0,0,1,1,0,0,0,1,1,0,1,0,1,1,0,aerobic,S. gordonii CH1,0.0019096623610853263
1,0,0,1,0,0,0,1,1,0,1,1,1,1,1,0,1,0,0,1,aerobic,S. gordonii CH1,0.0011618337609527048
1,0,0,1,0,0,1,1,0,0,0,0,1,1,1,1,0,1,0,0,aerobic,S. gordonii CH1,0.0025342519996832164
1,0,0,1,0,0,1,1,1,0,0,1,0,0,0,0,0,1,0,1,aerobic,S. gordonii CH1,0.0023918676499900316
1,0,0,1,0,0,1,1,1,0,0,1,0,0,0,0,1,0,0,1,aerobic,S. gordonii CH1,0.0012618296529968423
1,0,0,1,0,0,1,1,1,0,1,0,1,0,0,0,0,0,0,1,aerobic,S. gordonii CH1,0.002387109608116171
1,0,0,1,0,0,1,1,1,1,0,0,0,1,1,1,1,0,0,1,aerobic,S. gordonii CH1,0.0012641226198941264
1,0,0,1,0,1,1,1,0,1,0,0,0,1,0,1,0,0,0,1,aerobic,S. gordonii CH1,0.0011935548040580874
1,0,0,1,0,1,1,1,0,1,0,1,1,0,1,0,1,1,0,1,aerobic,S. gordonii CH1,0.0006320613099470654
1,0,0,1,0,1,1,1,1,0,0,0,0,0,1,1,0,1,0,1,aerobic,S. gordonii CH1,0.0018126888217522633
1,0,0,1,0,1,1,1,1,0,0,0,0,1,1,0,1,0,0,0,aerobic,S. gordonii CH1,0.0018911039319202557
1,0,0,1,0,1,1,1,1,1,0,0,0,1,0,0,0,0,0,1,aerobic,S. gordonii CH1,0.001212886923562852
1,0,0,1,0,1,1,1,1,1,0,1,1,1,0,1,0,0,1,0,aerobic,S. gordonii CH1,0.008911757685064848
1,0,0,1,1,1,0,1,0,1,1,0,1,0,0,0,1,1,1,1,aerobic,S. gordonii CH1,0.002523659305993689
1,0,0,1,1,1,0,1,1,0,0,1,1,0,0,0,0,1,0,0,aerobic,S. gordonii CH1,0.001790332206087127
1,0,0,1,1,1,0,1,1,0,1,0,0,0,0,1,0,1,1,1,aerobic,S. gordonii CH1,0.002528245239788257
1,0,0,1,1,1,0,1,1,0,1,1,0,0,0,0,1,1,1,0,aerobic,S. gordonii CH1,0.0012084592145015117
1,0,0,1,1,1,0,1,1,1,1,1,0,0,0,1,0,1,1,1,aerobic,S. gordonii CH1,0.0018911039319202557
1,0,0,1,1,0,0,1,0,0,0,0,0,0,1,0,1,1,0,1,aerobic,S. gordonii CH1,0.0011618337609527048
1,0,0,1,1,0,0,1,0,0,0,1,0,0,0,0,0,1,1,0,aerobic,S. gordonii CH1,0.0012671259998416104
1,0,0,1,1,0,0,1,0,0,1,0,0,1,1,0,1,1,0,1,aerobic,S. gordonii CH1,0.0011959338249950139
1,0,0,1,1,0,0,1,0,1,1,1,1,0,0,0,0,0,1,1,aerobic,S. gordonii CH1,0.0018927444794952656
1,0,0,1,1,0,0,1,1,1,1,1,0,1,0,0,1,0,0,0,aerobic,S. gordonii CH1,0.001790332206087127
1,0,0,1,1,0,1,1,0,0,0,1,1,1,1,1,1,1,1,1,aerobic,S. gordonii CH1,0.0025214719092270135
1,0,0,1,1,0,1,1,0,0,0,0,0,1,0,0,0,1,1,0,aerobic,S. gordonii CH1,0.0012641226198941264
1,0,0,1,1,0,1,1,0,0,0,1,0,0,1,1,1,0,0,0,aerobic,S. gordonii CH1,0.0018126888217522674
1,0,0,1,1,0,1,1,1,0,0,1,1,0,1,1,1,1,0,1,aerobic,S. gordonii CH1,0.0018193303853442802
1,0,0,1,1,0,1,1,1,0,0,1,1,1,0,1,0,0,0,0,aerobic,S. gordonii CH1,0.0019096623610853263
1,0,0,1,1,0,1,1,1,0,1,0,0,1,0,1,1,1,0,0,aerobic,S. gordonii CH1,0.0023236675219054054
1,0,0,1,1,0,1,1,1,1,0,0,1,1,1,0,1,1,0,1,aerobic,S. gordonii CH1,0.001267125999841606
1,0,0,1,1,0,1,1,1,1,1,1,1,0,1,0,1,0,1,1,aerobic,S. gordonii CH1,0.0017939007374925227
1,0,0,1,1,1,1,1,0,0,0,1,1,0,0,0,0,0,0,1,aerobic,S. gordonii CH1,0.0012128869235628562
1,0,0,1,1,1,1,1,1,1,0,0,1,1,0,1,1,1,0,0,aerobic,S. gordonii CH1,0.003182770601808877
1,0,1,0,0,1,0,1,1,1,1,0,0,0,1,1,0,1,1,0,aerobic,S. gordonii CH1,0.0017939007374925269
1,0,1,0,0,0,0,1,0,0,0,1,0,1,0,0,1,1,1,1,aerobic,S. gordonii CH1,0.001742750641429053
1,0,1,0,0,0,0,1,1,0,0,0,0,0,1,1,1,1,1,1,aerobic,S. gordonii CH1,0.0012671259998416104
1,0,1,0,0,0,0,1,1,0,1,1,0,0,0,1,0,1,1,0,aerobic,S. gordonii CH1,0.001195933824995018
1,0,1,0,0,0,0,1,1,1,1,1,0,0,0,0,1,1,0,0,aerobic,S. gordonii CH1,0.005047318611987382
1,0,1,0,0,0,0,1,1,1,1,1,1,1,1,1,1,0,0,1,aerobic,S. gordonii CH1,0.001790332206087127
1,0,1,0,0,0,1,1,1,0,1,0,1,1,1,1,1,1,0,0,aerobic,S. gordonii CH1,0.002528245239788257
1,0,1,0,0,0,1,1,1,0,1,1,0,0,0,0,1,1,0,1,aerobic,S. gordonii CH1,0.0024169184290030233
1,0,1,0,0,0,1,1,1,0,1,1,1,1,0,1,0,0,1,0,aerobic,S. gordonii CH1,0.0031518398865337666
1,0,1,0,0,0,1,1,1,1,0,1,0,1,1,0,1,1,0,0,aerobic,S. gordonii CH1,0.001212886923562852
1,0,1,0,0,0,1,1,1,1,1,0,0,0,0,1,1,1,0,0,aerobic,S. gordonii CH1,0.004455878842532424
1,0,1,0,0,0,1,1,1,1,1,1,1,0,1,0,1,0,0,1,aerobic,S. gordonii CH1,0.005809168804763515
1,0,1,0,0,0,1,1,1,1,1,1,1,1,1,0,1,0,1,0,aerobic,S. gordonii CH1,0.0019006889997624154
1,0,1,0,0,1,1,1,0,0,0,1,0,1,0,1,1,0,0,0,aerobic,S. gordonii CH1,0.0012618296529968423
1,0,1,0,0,1,1,1,0,1,0,0,1,0,0,0,0,0,0,1,aerobic,S. gordonii CH1,0.009548438432464692
1,0,1,0,0,1,1,1,1,0,0,1,1,0,0,1,0,1,1,1,aerobic,S. gordonii CH1,0.0018961839298411915
1,0,1,0,0,1,1,1,1,1,1,0,1,0,0,0,0,0,0,1,aerobic,S. gordonii CH1,0.003625377643504531
1,0,1,0,1,1,0,1,1,1,0,0,1,0,0,0,1,1,0,1,aerobic,S. gordonii CH1,0.0018911039319202557
1,0,1,0,1,1,0,1,1,1,1,0,0,1,1,1,1,0,1,1,aerobic,S. gordonii CH1,0.30443461781427666
1,0,1,0,1,0,0,1,0,0,0,1,1,0,0,1,1,1,0,0,aerobic,S. gordonii CH1,0.0
1,0,1,0,1,0,0,1,1,0,0,1,1,1,0,1,1,0,0,1,aerobic,S. gordonii CH1,0.001212886923562852
1,0,1,0,1,0,0,1,1,1,0,1,0,0,0,1,0,0,0,1,aerobic,S. gordonii CH1,0.001273108240723551
1,0,1,0,1,0,0,1,1,1,1,0,0,0,1,1,1,1,0,0,aerobic,S. gordonii CH1,0.0011618337609527048
1,0,1,0,1,0,1,1,0,1,0,1,1,1,1,0,0,1,0,0,aerobic,S. gordonii CH1,0.0019006889997624154
1,0,1,0,1,0,1,1,1,0,1,0,0,1,0,1,0,0,0,0,aerobic,S. gordonii CH1,0.0011959338249950139
1,0,1,0,1,0,1,1,1,1,0,0,1,0,1,0,1,0,1,1,aerobic,S. gordonii CH1,0.003580664412174258
1,0,1,0,1,0,1,1,1,1,0,0,1,0,0,0,1,0,1,1,aerobic,S. gordonii CH1,0.0018927444794952656
1,0,1,0,1,0,1,1,1,1,1,1,0,0,0,0,1,0,0,0,aerobic,S. gordonii CH1,0.0012641226198941264
1,0,1,0,1,0,1,1,1,1,1,1,0,1,1,1,1,0,1,1,aerobic,S. gordonii CH1,0.004833836858006042
1,0,1,0,1,1,1,1,0,1,0,1,0,1,0,1,0,1,1,0,aerobic,S. gordonii CH1,0.0012731082407235464
1,0,1,0,1,1,1,1,1,0,1,0,0,1,0,0,0,1,0,0,aerobic,S. gordonii CH1,0.001742750641429053
1,0,1,0,1,1,1,1,1,1,1,1,1,0,0,0,1,1,1,0,aerobic,S. gordonii CH1,0.0031678149996040256
1,0,1,1,0,1,0,1,0,0,1,1,1,0,1,1,0,1,1,0,aerobic,S. gordonii CH1,0.0063900856852398685
1,0,1,1,0,1,0,1,0,0,1,1,1,0,0,1,1,1,1,0,aerobic,S. gordonii CH1,0.017106200997861726
1,0,1,1,0,1,0,1,0,1,0,1,0,1,0,0,1,1,1,0,aerobic,S. gordonii CH1,0.0017939007374925269
1,0,1,1,0,1,0,1,1,0,0,0,0,1,0,0,1,1,0,1,aerobic,S. gordonii CH1,0.003154574132492112
1,0,1,1,0,1,0,1,1,0,0,0,1,0,0,1,1,0,1,1,aerobic,S. gordonii CH1,0.0029838870101452143
1,0,1,1,0,1,0,1,1,1,0,1,0,1,0,1,1,0,0,1,aerobic,S. gordonii CH1,0.0025282452397882614
1,0,1,1,0,1,0,1,1,1,0,1,1,0,0,0,0,0,1,0,aerobic,S. gordonii CH1,0.0018126888217522633
1,0,1,1,0,1,0,1,1,1,1,1,0,1,1,1,1,0,1,0,aerobic,S. gordonii CH1,0.0018911039319202557
1,0,1,1,0,0,0,1,0,0,1,0,1,1,1,1,0,0,1,0,aerobic,S. gordonii CH1,0.000597966912497509
1,0,1,1,0,0,0,1,0,0,1,1,0,1,0,0,1,1,1,0,aerobic,S. gordonii CH1,0.002523659305993689
1,0,1,1,0,0,0,1,1,0,0,0,0,1,0,1,1,0,0,0,aerobic,S. gordonii CH1,0.0029838870101452143
1,0,1,1,0,0,0,1,1,0,0,1,1,1,1,1,0,0,1,0,aerobic,S. gordonii CH1,0.0006320613099470654
1,0,1,1,0,0,1,1,0,1,1,1,0,1,0,0,0,0,0,0,aerobic,S. gordonii CH1,0.0018126888217522633
1,0,1,1,0,0,1,1,1,0,1,1,0,0,1,1,0,1,1,1,aerobic,S. gordonii CH1,0.00189110393192026
1,0,1,1,0,0,1,1,1,1,0,1,0,1,1,1,0,1,1,0,aerobic,S. gordonii CH1,0.009096651926721414
1,0,1,1,0,0,1,1,1,1,1,0,0,0,1,1,1,1,1,0,aerobic,S. gordonii CH1,0.0019096623610853263
1,0,1,1,0,1,1,1,0,1,1,1,1,1,1,1,0,0,1,0,aerobic,S. gordonii CH1,0.0030322173089071406
1,0,1,1,0,1,1,1,1,1,0,0,0,0,0,0,1,0,0,0,aerobic,S. gordonii CH1,0.0019096623610853263
1,0,1,1,0,1,1,1,1,1,0,1,0,0,0,0,1,1,0,1,aerobic,S. gordonii CH1,0.0023236675219054054
1,0,1,1,1,1,0,1,0,0,0,1,0,1,1,1,0,1,1,0,aerobic,S. gordonii CH1,0.0031678149996040256
1,0,1,1,1,1,0,1,0,0,0,1,1,1,0,0,0,1,1,0,aerobic,S. gordonii CH1,0.0023918676499900316
1,0,1,1,1,1,0,1,0,0,1,0,0,0,0,1,0,1,0,1,aerobic,S. gordonii CH1,0.0012618296529968466
1,0,1,1,1,1,0,1,0,1,1,0,1,0,0,1,1,0,0,0,aerobic,S. gordonii CH1,0.002387109608116171
1,0,1,1,1,1,0,1,0,1,1,1,1,1,1,1,0,1,0,0,aerobic,S. gordonii CH1,0.0031603065497353266
1,0,1,1,1,1,0,1,1,0,0,0,0,1,1,0,1,1,1,1,aerobic,S. gordonii CH1,0.0012084592145015075
1,0,1,1,1,1,0,1,1,0,1,0,1,0,1,1,1,1,1,1,aerobic,S. gordonii CH1,0.0031518398865337622
1,0,1,1,1,1,0,1,1,1,0,1,1,1,0,0,1,0,0,0,aerobic,S. gordonii CH1,0.0018193303853442843
1,0,1,1,1,0,1,1,1,1,1,1,1,1,1,1,1,1,1,1,aerobic,S. gordonii CH1,0.01161833760952704
1,0,1,1,1,0,0,1,0,1,0,1,1,1,1,0,0,1,1,0,aerobic,S. gordonii CH1,0.0038013779995248265
1,0,1,1,1,0,0,1,0,1,0,1,1,1,1,1,1,0,1,1,aerobic,S. gordonii CH1,0.0011959338249950139
1,0,1,1,1,0,0,1,0,1,1,1,1,0,0,0,1,1,0,1,aerobic,S. gordonii CH1,0.0018927444794952656
1,0,1,1,1,0,0,1,1,0,0,1,0,1,1,1,0,1,1,1,aerobic,S. gordonii CH1,0.001790332206087127
1,0,1,1,1,0,0,1,1,0,1,0,1,1,0,1,0,0,0,0,aerobic,S. gordonii CH1,0.0012641226198941307
1,0,1,1,1,0,1,1,1,0,1,0,1,1,1,1,0,1,0,0,aerobic,S. gordonii CH1,0.0018126888217522674
1,0,1,1,1,0,1,1,1,1,0,1,0,0,1,0,1,0,1,1,aerobic,S. gordonii CH1,0.0012607359546135022
1,0,1,1,1,0,1,1,1,1,0,1,0,1,1,0,1,1,0,1,aerobic,S. gordonii CH1,0.0018193303853442843
1,0,1,1,1,0,1,1,1,1,1,1,1,0,0,0,0,1,1,1,aerobic,S. gordonii CH1,0.0025462164814470975
1,0,1,1,1,1,1,1,0,0,1,1,0,0,1,0,0,1,0,1,aerobic,S. gordonii CH1,0.001273108240723551
1,0,1,1,1,1,1,1,0,0,1,1,0,1,0,0,1,0,1,0,aerobic,S. gordonii CH1,0.0011618337609527007
1,0,1,1,1,1,1,1,0,1,0,0,0,0,0,0,1,0,1,0,aerobic,S. gordonii CH1,0.0025342519996832164
1,0,1,1,1,1,1,1,1,1,0,1,0,1,0,0,0,1,1,1,aerobic,S. gordonii CH1,0.0011959338249950139
1,0,1,1,1,1,1,1,1,1,1,0,1,0,1,0,1,1,0,0,aerobic,S. gordonii CH1,0.0018927444794952656
1,1,0,0,0,1,0,1,0,1,1,1,1,0,1,0,0,1,0,1,aerobic,S. gordonii CH1,0.009480919649205971
1,1,0,0,0,1,0,1,1,0,1,1,1,1,0,0,0,1,1,1,aerobic,S. gordonii CH1,0.003625377643504531
1,1,0,0,0,1,0,1,1,1,1,1,0,1,1,0,1,1,1,0,aerobic,S. gordonii CH1,0.0012607359546135022
1,1,0,0,0,0,0,1,0,0,0,1,1,1,0,1,1,0,0,1,aerobic,S. gordonii CH1,0.0023871096081161747
1,1,0,0,0,0,0,1,1,0,0,1,0,0,0,1,1,1,0,0,aerobic,S. gordonii CH1,0.0012641226198941264
1,1,0,0,0,0,0,1,1,1,0,0,0,0,1,1,0,1,1,0,aerobic,S. gordonii CH1,0.0012084592145015075
1,1,0,0,0,0,0,1,1,1,0,0,1,1,0,0,0,1,1,1,aerobic,S. gordonii CH1,0.0012607359546135068
1,1,0,0,0,0,0,1,1,1,0,1,0,1,0,0,1,1,1,1,aerobic,S. gordonii CH1,0.0018193303853442843
1,1,0,0,0,0,0,1,1,1,0,1,1,0,0,1,0,0,1,0,aerobic,S. gordonii CH1,0.0012731082407235464
1,1,0,0,0,0,0,1,1,1,0,1,1,1,0,0,1,0,1,0,aerobic,S. gordonii CH1,0.0034855012828581143
1,1,0,0,0,0,0,1,1,1,1,1,0,0,0,1,0,0,1,1,aerobic,S. gordonii CH1,0.0038013779995248265
1,1,0,0,0,0,1,1,1,0,1,1,0,0,1,0,0,1,1,0,aerobic,S. gordonii CH1,0.0041857683874825585
1,1,0,0,0,0,1,1,1,1,0,1,1,0,0,1,1,1,0,0,aerobic,S. gordonii CH1,0.004416403785488959
1,1,0,0,0,0,1,1,1,1,1,1,1,1,0,1,1,0,0,1,aerobic,S. gordonii CH1,0.003580664412174258
1,1,0,0,0,1,1,1,0,0,0,1,1,0,1,1,1,0,0,0,aerobic,S. gordonii CH1,0.0048515476942514206
1,1,0,0,0,1,1,1,1,1,0,1,0,0,1,0,1,0,1,0,aerobic,S. gordonii CH1,0.0012731082407235464
1,1,0,0,0,1,1,1,1,1,1,1,0,0,0,0,0,0,0,0,aerobic,S. gordonii CH1,0.004647335043810815
1,1,0,0,1,1,0,1,0,0,0,1,0,0,1,0,1,1,0,1,aerobic,S. gordonii CH1,0.0018126888217522633
1,1,0,0,1,1,0,1,0,1,0,0,0,0,0,1,0,1,1,1,aerobic,S. gordonii CH1,0.009455519659601291
1,1,0,0,1,1,0,1,1,1,1,0,1,1,1,0,1,1,1,0,aerobic,S. gordonii CH1,0.004245104232469997
1,1,0,0,1,0,0,1,0,0,0,1,1,1,0,0,0,1,1,1,aerobic,S. gordonii CH1,0.008869881998891263
1,1,0,0,1,0,0,1,1,0,0,1,1,0,1,1,1,1,0,1,aerobic,S. gordonii CH1,0.0029898345624875407
1,1,0,0,1,0,1,1,0,0,0,0,1,1,1,0,1,1,1,1,aerobic,S. gordonii CH1,0.0018927444794952656
1,1,0,0,1,0,1,1,0,0,1,1,0,0,0,0,1,1,1,0,aerobic,S. gordonii CH1,0.0011935548040580832
1,1,0,0,1,0,1,1,1,0,0,1,0,0,0,0,1,0,0,0,aerobic,S. gordonii CH1,0.0012641226198941264
1,1,0,0,1,1,1,1,0,0,0,0,1,1,1,1,1,0,1,1,aerobic,S. gordonii CH1,0.8287934647110309
1,1,0,0,1,1,1,1,1,0,0,0,0,1,1,0,0,0,1,0,aerobic,S. gordonii CH1,0.0011618337609527048
1,1,0,0,1,1,1,1,1,1,0,0,1,1,0,0,0,1,0,1,aerobic,S. gordonii CH1,0.0025342519996832164
1,1,0,1,0,1,0,1,0,1,1,1,0,0,1,1,0,0,1,0,aerobic,S. gordonii CH1,0.003154574132492112
1,1,0,1,0,1,0,1,0,1,1,1,1,0,0,0,0,1,1,0,aerobic,S. gordonii CH1,0.003580664412174258
1,1,0,1,0,1,0,1,1,0,0,0,1,0,0,1,0,1,0,1,aerobic,S. gordonii CH1,0.0031603065497353266
1,1,0,1,0,1,0,1,1,1,0,0,1,1,1,1,1,1,1,0,aerobic,S. gordonii CH1,0.0018126888217522633
1,1,0,1,0,1,0,1,1,1,1,0,1,0,1,1,1,1,1,0,aerobic,S. gordonii CH1,0.0037822078638405157
1,1,0,1,0,0,0,1,0,0,1,0,1,1,1,0,1,1,1,1,aerobic,S. gordonii CH1,0.0035878014749850537
1,1,0,1,0,0,0,1,0,1,1,0,1,0,0,1,0,1,0,0,aerobic,S. gordonii CH1,0.0031545741324921165
1,1,0,1,0,0,0,1,0,1,1,1,0,0,1,0,0,0,0,0,aerobic,S. gordonii CH1,0.0029838870101452143
1,1,0,1,0,0,0,1,1,0,1,0,1,1,1,0,1,1,0,0,aerobic,S. gordonii CH1,0.0012641226198941264
1,1,0,1,0,0,0,1,1,1,0,0,0,0,1,1,0,0,0,0,aerobic,S. gordonii CH1,0.0018126888217522633
1,1,0,1,0,0,0,1,1,1,0,1,0,0,1,0,1,1,0,0,aerobic,S. gordonii CH1,0.0018911039319202557
1,1,0,1,0,0,0,1,1,1,1,0,1,0,0,1,1,0,1,1,aerobic,S. gordonii CH1,0.0006064434617814239
1,1,0,1,0,0,1,1,0,1,1,0,0,1,0,1,1,0,1,1,aerobic,S. gordonii CH1,0.16486751717369968
1,1,0,1,0,0,1,1,1,0,0,1,1,0,1,1,1,1,0,0,aerobic,S. gordonii CH1,0.0034855012828581143
1,1,0,1,0,0,1,1,1,0,1,0,0,1,1,1,0,1,1,0,aerobic,S. gordonii CH1,0.021541141997307355
1,1,0,1,0,0,1,1,1,1,0,0,0,0,1,0,1,1,1,1,aerobic,S. gordonii CH1,0.0023918676499900316
1,1,0,1,0,1,1,1,0,1,0,1,0,1,1,1,0,0,1,0,aerobic,S. gordonii CH1,0.0006064434617814239
1,1,0,1,0,1,1,1,0,1,0,1,1,0,0,0,1,1,0,0,aerobic,S. gordonii CH1,0.002546216481447102
1,1,0,1,0,1,1,1,0,1,0,1,1,1,0,0,1,1,1,0,aerobic,S. gordonii CH1,0.0034855012828581104
1,1,0,1,1,1,0,1,0,0,0,0,0,1,1,0,1,1,0,1,aerobic,S. gordonii CH1,0.0012128869235628562
1,1,0,1,1,1,0,1,0,0,0,0,1,1,0,1,1,0,0,1,aerobic,S. gordonii CH1,0.003182770601808873
1,1,0,1,1,1,0,1,0,0,1,0,0,0,1,1,1,1,0,1,aerobic,S. gordonii CH1,0.0034855012828581143
1,1,0,1,1,1,0,1,0,0,1,1,0,1,1,0,0,0,0,1,aerobic,S. gordonii CH1,0.0025342519996832207
1,1,0,1,1,1,0,1,0,1,1,1,1,1,0,1,0,0,1,1,aerobic,S. gordonii CH1,0.9824596372334063
1,1,0,1,1,1,0,1,1,1,0,0,1,1,1,1,0,1,0,1,aerobic,S. gordonii CH1,0.004416403785488959
1,1,0,1,1,0,0,1,0,1,0,0,1,0,0,1,1,1,1,0,aerobic,S. gordonii CH1,0.0038013779995248265
1,1,0,1,1,0,0,1,0,1,1,0,0,1,1,0,0,1,0,1,aerobic,S. gordonii CH1,0.0017939007374925227
1,1,0,1,1,0,0,1,1,0,1,0,0,1,0,1,0,0,1,1,aerobic,S. gordonii CH1,0.0018927444794952656
1,1,0,1,1,0,1,1,0,0,1,1,1,1,1,1,1,1,0,0,aerobic,S. gordonii CH1,0.003580664412174258
1,1,0,1,1,0,1,1,1,0,0,1,0,0,0,0,0,0,0,1,aerobic,S. gordonii CH1,0.0012641226198941264
1,1,0,1,1,0,1,1,1,0,1,1,0,0,1,0,1,0,1,1,aerobic,S. gordonii CH1,0.0012084592145015117
1,1,0,1,1,0,1,1,1,1,1,0,0,0,0,1,0,0,0,1,aerobic,S. gordonii CH1,0.005042943818454023
1,1,0,1,1,1,1,1,0,0,1,1,0,1,1,1,1,0,0,1,aerobic,S. gordonii CH1,0.003580664412174258
1,1,0,1,1,1,1,1,0,1,0,0,1,1,0,1,1,1,0,0,aerobic,S. gordonii CH1,0.001896183929841196
1,1,0,1,1,1,1,1,0,1,1,1,0,0,0,1,0,1,0,0,aerobic,S. gordonii CH1,0.002416918429003019
1,1,0,1,1,1,1,1,0,1,1,1,1,0,0,1,0,0,1,1,aerobic,S. gordonii CH1,0.11976991568828303
1,1,0,1,1,1,1,1,0,1,1,1,1,0,0,1,0,1,0,0,aerobic,S. gordonii CH1,0.0030322173089071406
1,1,0,1,1,1,1,1,0,1,1,1,1,1,0,1,0,1,1,1,aerobic,S. gordonii CH1,0.958650505264833
1,1,0,1,1,1,1,1,1,0,0,1,0,1,0,1,0,1,0,1,aerobic,S. gordonii CH1,0.0034855012828581143
1,1,0,1,1,1,1,1,1,0,1,1,1,0,1,1,1,0,1,0,aerobic,S. gordonii CH1,0.006335629999208047
1,1,0,1,1,1,1,1,1,1,0,0,0,0,1,0,0,1,0,1,aerobic,S. gordonii CH1,0.0017939007374925227
1,1,0,1,1,1,1,1,1,1,0,1,1,1,0,0,1,0,1,0,aerobic,S. gordonii CH1,0.0012618296529968466
1,1,1,0,0,1,0,1,0,1,0,0,1,1,1,0,1,1,1,1,aerobic,S. gordonii CH1,0.0011935548040580874
1,1,1,0,0,1,0,1,0,1,1,1,0,1,0,0,1,0,0,1,aerobic,S. gordonii CH1,0.0018961839298411915
1,1,1,0,0,1,0,1,1,0,1,0,0,1,1,1,1,1,1,1,aerobic,S. gordonii CH1,0.7299093655589124
1,1,1,0,0,1,0,1,1,1,1,0,1,0,0,0,1,0,1,1,aerobic,S. gordonii CH1,0.0012607359546135022
1,1,1,0,0,1,0,1,1,1,1,0,1,1,0,1,0,1,1,1,aerobic,S. gordonii CH1,0.10673404927353125
1,1,1,0,0,0,0,1,0,0,0,1,0,0,1,1,0,1,0,1,aerobic,S. gordonii CH1,0.001790332206087131
1,1,1,0,0,0,0,1,0,0,1,0,1,1,0,0,1,0,1,1,aerobic,S. gordonii CH1,0.0012641226198941264
1,1,1,0,0,0,0,1,0,0,1,1,1,1,1,0,1,1,0,1,aerobic,S. gordonii CH1,0.0024169184290030233
1,1,1,0,0,0,0,1,0,1,0,1,0,0,0,0,1,1,1,0,aerobic,S. gordonii CH1,0.0
1,1,1,0,0,0,0,1,0,1,0,1,0,1,0,0,0,0,1,0,aerobic,S. gordonii CH1,0.001212886923562852
1,1,1,0,0,0,0,1,1,1,0,0,0,0,1,1,1,0,0,1,aerobic,S. gordonii CH1,0.001273108240723551
1,1,1,0,0,0,0,1,1,1,0,0,1,0,1,0,0,1,1,0,aerobic,S. gordonii CH1,0.0023236675219054097
1,1,1,0,0,0,0,1,1,1,1,1,1,0,1,0,1,0,1,0,aerobic,S. gordonii CH1,0.017739763997782525
1,1,1,0,0,0,1,1,0,0,1,1,0,0,0,0,1,1,0,0,aerobic,S. gordonii CH1,0.0011959338249950139
1,1,1,0,0,0,1,1,0,1,0,0,1,1,0,0,0,1,1,0,aerobic,S. gordonii CH1,0.0012618296529968423
1,1,1,0,0,1,1,1,0,0,0,0,1,0,0,1,0,1,1,0,aerobic,S. gordonii CH1,0.003182770601808873
1,1,1,0,0,1,1,1,1,0,1,0,1,1,0,1,1,1,1,1,aerobic,S. gordonii CH1,0.08771844895192912
1,1,1,0,0,1,1,1,1,1,1,0,1,1,0,0,1,1,1,0,aerobic,S. gordonii CH1,0.008236318998970458
1,1,1,0,1,1,0,1,0,0,0,0,1,0,0,1,0,0,1,0,aerobic,S. gordonii CH1,0.0031678149996040212
1,1,1,0,1,1,0,1,0,0,1,1,1,1,0,0,1,1,1,0,aerobic,S. gordonii CH1,0.0017939007374925227
1,1,1,0,1,1,0,1,0,1,0,1,1,1,0,1,1,1,1,1,aerobic,S. gordonii CH1,0.007161328824348521
1,1,1,0,1,1,0,1,0,1,0,1,1,1,0,0,1,0,0,1,aerobic,S. gordonii CH1,0.0012618296529968423
1,1,1,0,1,1,0,1,0,1,1,1,1,1,0,0,1,0,1,1,aerobic,S. gordonii CH1,0.0018961839298411915
1,1,1,0,1,1,0,1,1,0,0,0,1,1,1,1,1,0,0,0,aerobic,S. gordonii CH1,0.002416918429003019
1,1,1,0,1,1,0,1,1,1,0,1,1,1,0,1,0,1,1,1,aerobic,S. gordonii CH1,0.017650303364589077
1,1,1,0,1,1,0,1,1,1,1,0,1,0,1,0,0,1,0,0,aerobic,S. gordonii CH1,0.0018193303853442802
1,1,1,0,1,1,0,1,1,1,1,1,1,0,0,0,1,0,1,0,aerobic,S. gordonii CH1,0.001909662361085322
1,1,1,0,1,0,0,1,0,0,1,0,0,0,0,1,1,1,0,0,aerobic,S. gordonii CH1,0.0011959338249950139
1,1,1,0,1,0,0,1,0,0,1,0,0,1,0,1,1,0,1,1,aerobic,S. gordonii CH1,0.0012618296529968423
1,1,1,0,1,0,0,1,0,0,1,0,1,0,1,0,0,0,1,1,aerobic,S. gordonii CH1,0.0011935548040580874
1,1,1,0,1,0,0,1,1,0,0,1,0,0,1,1,1,1,1,1,aerobic,S. gordonii CH1,0.0025282452397882614
1,1,1,0,1,0,0,1,1,0,1,0,1,0,1,1,1,0,1,0,aerobic,S. gordonii CH1,0.002416918429003019
1,1,1,0,1,0,0,1,1,0,1,1,1,0,1,0,0,1,0,1,aerobic,S. gordonii CH1,0.0012607359546135022
1,1,1,0,1,0,0,1,1,1,0,0,1,0,0,1,0,1,1,1,aerobic,S. gordonii CH1,0.0024257738471257085
1,1,1,0,1,0,0,1,1,1,1,1,1,1,1,0,1,1,0,0,aerobic,S. gordonii CH1,0.0012731082407235464
1,1,1,0,1,0,1,1,0,0,0,0,0,0,0,0,0,1,1,0,aerobic,S. gordonii CH1,0.0011618337609527048
1,1,1,0,1,1,1,1,0,0,1,1,0,0,1,0,1,0,0,0,aerobic,S. gordonii CH1,0.0011618337609527007
1,1,1,0,1,1,1,1,0,1,0,1,0,1,0,0,0,1,0,1,aerobic,S. gordonii CH1,0.0025342519996832164
1,1,1,0,1,1,1,1,1,0,1,1,1,0,1,1,1,0,1,0,aerobic,S. gordonii CH1,0.0041857683874825585
1,1,1,0,1,1,1,1,1,1,0,1,1,1,0,0,0,0,1,0,aerobic,S. gordonii CH1,0.00189274447949527
1,1,1,1,0,1,0,1,0,1,0,0,1,1,0,1,0,0,1,1,aerobic,S. gordonii CH1,0.00189274447949527
1,1,1,1,0,1,0,1,1,1,1,1,0,0,1,1,0,0,1,1,aerobic,S. gordonii CH1,0.03580664412174259
1,1,1,1,0,0,0,1,0,0,0,0,0,1,0,1,0,1,0,0,aerobic,S. gordonii CH1,0.0011935548040580832
1,1,1,1,0,0,0,1,0,1,0,1,1,0,0,0,0,1,0,0,aerobic,S. gordonii CH1,0.0006320613099470654
1,1,1,1,0,0,0,1,0,1,1,1,0,0,1,0,1,0,1,0,aerobic,S. gordonii CH1,0.0018126888217522674
1,1,1,1,0,0,0,1,1,0,0,1,0,1,1,1,1,0,0,1,aerobic,S. gordonii CH1,0.0012607359546135022
1,1,1,1,0,0,0,1,1,0,1,0,1,0,0,1,1,1,0,0,aerobic,S. gordonii CH1,0.001212886923562852
1,1,1,1,0,0,0,1,1,1,0,0,0,1,0,1,0,0,1,1,aerobic,S. gordonii CH1,0.001909662361085322
1,1,1,1,0,0,1,1,0,0,1,1,1,1,0,1,0,0,0,0,aerobic,S. gordonii CH1,0.0005809168804763524
1,1,1,1,0,0,1,1,0,1,1,1,0,0,1,0,1,0,1,1,aerobic,S. gordonii CH1,0.0025342519996832164
1,1,1,1,0,0,1,1,0,1,1,1,0,1,0,1,0,1,1,0,aerobic,S. gordonii CH1,0.03288818018736297
1,1,1,1,0,1,1,1,0,0,1,0,1,1,1,1,0,0,0,1,aerobic,S. gordonii CH1,0.004424429169629453
1,1,1,1,0,1,1,1,1,0,1,0,1,1,0,0,0,1,1,1,aerobic,S. gordonii CH1,0.002416918429003019
1,1,1,1,1,1,0,1,0,0,1,1,0,1,1,1,0,1,0,0,aerobic,S. gordonii CH1,0.0030211480362537747
1,1,1,1,1,1,0,1,0,1,1,0,1,1,0,1,0,0,1,1,aerobic,S. gordonii CH1,0.9745488929162398
1,1,1,1,1,1,0,1,1,0,1,0,0,0,0,0,1,0,1,0,aerobic,S. gordonii CH1,0.0024257738471257125
1,1,1,1,1,0,0,1,0,0,0,1,1,0,1,0,0,0,1,1,aerobic,S. gordonii CH1,0.0012607359546135022
1,1,1,1,1,0,0,1,0,0,1,1,1,1,0,1,0,0,0,0,aerobic,S. gordonii CH1,0.0006064434617814281
1,1,1,1,1,0,0,1,0,1,0,1,0,0,1,0,1,0,0,1,aerobic,S. gordonii CH1,0.001909662361085322
1,1,1,1,1,0,0,1,1,1,0,0,0,1,1,0,0,0,0,0,aerobic,S. gordonii CH1,0.0023236675219054097
1,1,1,1,1,0,1,1,0,0,1,1,0,0,1,1,0,0,0,0,aerobic,S. gordonii CH1,0.0031678149996040256
1,1,1,1,1,0,1,1,0,0,1,1,1,0,1,0,0,1,0,1,aerobic,S. gordonii CH1,0.002391867649990036
1,1,1,1,1,0,1,1,1,0,1,0,1,0,1,0,0,0,0,0,aerobic,S. gordonii CH1,0.0012618296529968466
1,1,1,1,1,0,1,1,1,1,1,0,0,0,0,0,1,1,0,0,aerobic,S. gordonii CH1,0.001790332206087127
1,1,1,1,1,0,1,1,1,1,1,0,1,1,1,0,0,1,0,0,aerobic,S. gordonii CH1,0.001896183929841196
1,0,0,0,0,1,0,0,0,1,0,1,1,1,1,0,1,0,0,1,aerobic,S. gordonii CH1,0.0018193303853442802
1,0,0,0,0,1,0,0,1,0,1,1,0,0,0,0,1,0,0,1,aerobic,S. gordonii CH1,0.002546216481447102
1,0,0,0,0,0,0,0,0,0,0,0,1,1,1,0,1,0,0,0,aerobic,S. gordonii CH1,0.000597966912497509
1,0,0,0,0,0,0,0,0,1,0,1,1,0,1,0,0,1,1,0,aerobic,S. gordonii CH1,0.0006309148264984189
1,0,0,0,0,0,0,0,0,1,0,1,1,1,1,1,1,1,1,0,aerobic,S. gordonii CH1,0.0029838870101452143
1,0,0,0,0,0,1,0,0,1,1,0,0,0,0,1,1,0,0,1,aerobic,S. gordonii CH1,0.0031603065497353266
1,0,0,0,0,0,1,0,0,1,1,0,1,1,0,0,1,0,0,0,aerobic,S. gordonii CH1,0.003625377643504531
1,0,0,0,0,0,1,0,0,1,1,1,0,0,0,0,1,0,0,1,aerobic,S. gordonii CH1,0.004412575841147269
1,0,0,0,0,1,1,0,0,0,0,0,0,0,1,1,1,0,1,0,aerobic,S. gordonii CH1,0.0034855012828581143
1,0,0,0,0,1,1,0,0,0,1,0,1,0,1,1,1,0,1,0,aerobic,S. gordonii CH1,0.013938385998257705
1,0,0,0,0,1,1,0,0,1,1,1,0,0,0,1,1,1,1,0,aerobic,S. gordonii CH1,0.001195933824995018
1,0,0,0,0,1,1,0,1,0,0,1,0,1,0,1,0,0,0,1,aerobic,S. gordonii CH1,0.0018927444794952656
1,0,0,0,0,1,1,0,1,0,0,1,0,1,1,1,0,1,1,0,aerobic,S. gordonii CH1,0.0029838870101452143
1,0,0,0,0,1,1,0,1,1,0,0,1,0,0,1,1,0,1,0,aerobic,S. gordonii CH1,0.0006320613099470654
1,0,0,0,0,1,1,0,1,1,1,1,1,0,0,0,0,0,0,0,aerobic,S. gordonii CH1,0.002416918429003019
1,0,0,0,1,1,0,0,0,1,0,0,0,0,0,1,0,0,1,0,aerobic,S. gordonii CH1,0.0011935548040580874
1,0,0,0,1,1,0,0,0,1,0,1,1,0,0,1,0,1,0,1,aerobic,S. gordonii CH1,0.0018961839298411915
1,0,0,0,1,1,0,0,1,1,0,1,0,0,0,1,1,0,0,0,aerobic,S. gordonii CH1,0.0012084592145015117
1,0,0,0,1,0,0,0,0,1,1,1,0,0,0,0,0,1,0,1,aerobic,S. gordonii CH1,0.0012607359546135022
1,0,0,0,1,0,0,0,0,1,1,1,0,0,0,0,1,1,1,0,aerobic,S. gordonii CH1,0.001212886923562852
1,0,0,0,1,0,0,0,0,1,1,1,0,0,1,1,1,1,0,0,aerobic,S. gordonii CH1,0.0012731082407235464
1,0,0,0,1,0,0,0,1,0,1,1,0,1,0,0,1,0,1,0,aerobic,S. gordonii CH1,0.0011618337609527007
1,0,0,0,1,0,0,0,1,1,0,1,1,0,0,1,0,0,1,1,aerobic,S. gordonii CH1,0.0019006889997624154
1,0,0,0,1,0,1,0,0,0,1,1,1,0,1,1,1,0,1,0,aerobic,S. gordonii CH1,0.0017939007374925227
1,0,0,0,1,0,1,0,1,0,0,1,0,0,1,1,0,0,1,0,aerobic,S. gordonii CH1,0.002523659305993689
1,0,0,0,1,1,1,0,0,0,0,1,0,1,1,0,0,1,1,0,aerobic,S. gordonii CH1,0.0006303679773067534
1,0,0,0,1,1,1,0,0,0,1,1,1,1,0,0,1,1,1,1,aerobic,S. gordonii CH1,0.0012128869235628562
1,0,0,0,1,1,1,0,1,0,1,1,0,1,0,0,1,1,1,1,aerobic,S. gordonii CH1,0.0019096623610853263
1,0,0,0,1,1,1,0,1,1,0,0,1,1,1,0,1,0,1,0,aerobic,S. gordonii CH1,0.0011618337609527007
1,0,0,1,0,1,0,0,0,0,0,1,0,0,1,1,1,1,1,1,aerobic,S. gordonii CH1,0.001909662361085322
1,0,0,1,0,1,0,0,0,1,1,0,0,0,1,1,0,1,0,0,aerobic,S. gordonii CH1,0.00580916880476352
1,0,0,1,0,1,0,0,1,0,0,1,1,0,1,1,0,0,1,1,aerobic,S. gordonii CH1,0.008869881998891263
1,0,0,1,0,1,0,0,1,0,1,0,0,0,1,1,1,1,1,1,aerobic,S. gordonii CH1,0.0029898345624875446
1,0,0,1,0,1,0,0,1,1,1,1,1,0,0,0,1,1,0,1,aerobic,S. gordonii CH1,0.007570977917981075
1,0,0,1,0,0,0,0,0,0,1,1,1,1,1,0,1,0,0,1,aerobic,S. gordonii CH1,0.001267125999841606
1,0,0,1,0,0,0,0,1,0,0,0,1,0,0,0,1,0,0,0,aerobic,S. gordonii CH1,0.0011959338249950139
1,0,0,1,0,0,0,0,1,0,1,1,1,0,0,1,0,1,1,1,aerobic,S. gordonii CH1,0.0037854889589905355
1,0,0,1,0,0,0,0,1,1,1,0,0,0,1,1,0,0,0,0,aerobic,S. gordonii CH1,0.0011935548040580832
1,0,0,1,0,0,1,0,0,1,0,0,1,0,1,1,0,0,1,1,aerobic,S. gordonii CH1,0.001896183929841196
1,0,0,1,0,0,1,0,0,1,1,0,0,1,1,0,1,0,0,1,aerobic,S. gordonii CH1,0.0024169184290030233
1,0,0,1,0,0,1,0,0,1,1,1,1,0,0,0,0,1,0,0,aerobic,S. gordonii CH1,0.002521471909227009
1,0,0,1,0,0,1,0,1,0,0,1,1,0,0,1,1,0,1,0,aerobic,S. gordonii CH1,0.0024257738471257125
1,0,0,1,0,1,1,0,0,0,1,0,0,0,0,0,1,0,0,1,aerobic,S. gordonii CH1,0.001790332206087127
1,0,0,1,0,1,1,0,1,1,0,1,0,0,0,1,1,0,0,1,aerobic,S. gordonii CH1,0.0006320613099470654
1,0,0,1,0,1,1,0,1,1,1,0,0,1,0,1,0,0,0,0,aerobic,S. gordonii CH1,0.0018126888217522674
1,0,0,1,1,1,0,0,0,0,1,1,1,0,1,0,0,0,0,1,aerobic,S. gordonii CH1,0.0018911039319202557
1,0,0,1,1,1,0,0,0,1,0,1,0,0,0,0,1,1,1,0,aerobic,S. gordonii CH1,0.0018193303853442802
1,0,0,1,1,1,0,0,1,0,0,0,0,1,1,0,0,1,1,1,aerobic,S. gordonii CH1,0.002546216481447102
1,0,0,1,1,1,0,0,1,0,1,0,1,0,0,0,0,1,1,0,aerobic,S. gordonii CH1,0.004066418163334463
1,0,0,1,1,1,0,0,1,1,0,0,1,1,1,0,1,0,0,1,aerobic,S. gordonii CH1,0.0025342519996832164
1,0,0,1,1,1,0,0,1,1,0,1,1,0,0,1,0,1,0,1,aerobic,S. gordonii CH1,0.0023918676499900316
1,0,0,1,1,0,0,0,0,0,1,1,0,0,0,0,1,0,0,1,aerobic,S. gordonii CH1,0.0006303679773067489
1,0,0,1,1,0,0,0,0,1,0,0,1,0,0,0,0,1,0,1,aerobic,S. gordonii CH1,0.001212886923562852
1,0,0,1,1,0,0,0,0,1,0,1,1,1,1,0,1,0,1,0,aerobic,S. gordonii CH1,0.0012731082407235464
1,0,0,1,1,0,0,0,1,1,0,0,1,0,0,0,0,1,0,0,aerobic,S. gordonii CH1,0.0011618337609527048
1,0,0,1,1,0,0,0,1,1,0,1,0,1,0,1,0,0,1,0,aerobic,S. gordonii CH1,0.0025342519996832164
1,0,0,1,1,0,0,0,1,1,1,0,0,0,0,0,0,1,1,0,aerobic,S. gordonii CH1,0.0017939007374925227
1,0,0,1,1,0,1,0,0,0,1,0,1,0,1,1,0,1,1,1,aerobic,S. gordonii CH1,0.01135646687697161
1,0,0,1,1,0,1,0,0,1,0,1,0,0,0,0,1,0,0,0,aerobic,S. gordonii CH1,0.0011935548040580832
1,0,0,1,1,0,1,0,1,1,1,0,0,1,1,1,1,0,1,1,aerobic,S. gordonii CH1,0.8602354428379552
1,0,0,1,1,0,1,0,1,1,1,1,0,1,0,0,1,0,1,0,aerobic,S. gordonii CH1,0.0012084592145015117
1,0,0,1,1,1,1,0,0,1,0,0,0,0,0,0,0,0,0,0,aerobic,S. gordonii CH1,0.0012618296529968466
1,0,0,1,1,1,1,0,0,1,0,0,1,1,0,1,0,0,1,0,aerobic,S. gordonii CH1,0.001790332206087131
1,0,1,0,0,1,0,0,0,1,0,0,0,0,1,1,1,1,0,1,aerobic,S. gordonii CH1,0.0012641226198941307
1,0,1,0,0,1,0,0,0,1,0,0,0,1,0,0,0,0,1,0,aerobic,S. gordonii CH1,0.002416918429003019
1,0,1,0,0,0,0,0,0,0,0,0,1,0,1,0,1,0,0,0,aerobic,S. gordonii CH1,0.0006320613099470654
1,0,1,0,0,0,0,0,0,0,1,1,1,0,0,0,1,1,1,0,aerobic,S. gordonii CH1,0.007250755287009065
1,0,1,0,0,0,0,0,0,1,1,0,0,0,0,0,0,1,1,1,aerobic,S. gordonii CH1,0.0006303679773067489
1,0,1,0,0,0,0,0,1,1,0,0,0,0,1,1,1,1,1,0,aerobic,S. gordonii CH1,0.0012128869235628562
1,0,1,0,0,0,0,0,1,1,0,1,1,0,1,1,0,0,1,1,aerobic,S. gordonii CH1,0.00572898708325597
1,0,1,0,0,0,0,0,1,1,1,0,1,0,0,1,1,1,0,0,aerobic,S. gordonii CH1,0.0017427506414290572
1,0,1,0,0,0,1,0,0,0,0,0,1,0,0,1,1,1,0,1,aerobic,S. gordonii CH1,0.001900688999762411
1,0,1,0,0,0,1,0,1,0,0,0,1,0,0,1,0,1,1,0,aerobic,S. gordonii CH1,0.0023918676499900316
1,0,1,0,0,0,1,0,1,0,1,1,1,1,0,0,0,0,1,1,aerobic,S. gordonii CH1,0.0018927444794952656
1,0,1,0,0,0,1,0,1,1,0,1,1,1,0,0,0,1,0,0,aerobic,S. gordonii CH1,0.0011935548040580874
1,0,1,0,0,1,1,0,0,0,0,0,0,1,1,1,0,0,1,0,aerobic,S. gordonii CH1,0.005042943818454023
1,0,1,0,0,1,1,0,0,1,0,0,0,0,0,1,0,0,0,1,aerobic,S. gordonii CH1,0.0018193303853442802
1,0,1,0,0,1,1,0,1,1,0,0,1,0,1,0,1,1,1,1,aerobic,S. gordonii CH1,0.001909662361085322
1,0,1,0,0,1,1,0,1,1,1,0,1,0,0,1,1,0,0,1,aerobic,S. gordonii CH1,0.0023236675219054054
1,0,1,0,0,1,1,0,1,1,1,1,1,0,1,0,1,1,1,1,aerobic,S. gordonii CH1,0.001900688999762411
1,0,1,0,1,1,0,0,0,0,0,1,1,0,1,0,0,1,0,0,aerobic,S. gordonii CH1,0.0006365541203617755
1,0,1,0,1,1,0,0,1,0,0,1,1,0,1,0,0,1,1,1,aerobic,S. gordonii CH1,0.0023236675219054054
1,0,1,0,1,1,0,0,1,1,1,0,1,1,1,0,1,0,0,0,aerobic,S. gordonii CH1,0.0012671259998416104
1,0,1,0,1,0,0,0,0,0,0,0,1,1,1,0,0,0,1,1,aerobic,S. gordonii CH1,0.001195933824995018
1,0,1,0,1,0,0,0,0,0,0,1,0,1,0,1,0,1,1,1,aerobic,S. gordonii CH1,0.0012618296529968423
1,0,1,0,1,0,0,0,1,0,0,1,1,1,0,1,1,0,1,1,aerobic,S. gordonii CH1,0.001790332206087127
1,0,1,0,1,0,0,0,1,1,0,0,0,1,0,1,0,1,1,0,aerobic,S. gordonii CH1,0.0006320613099470609
1,0,1,0,1,0,1,0,0,0,1,0,0,1,0,0,0,1,1,0,aerobic,S. gordonii CH1,0.0012084592145015075
1,0,1,0,1,0,1,0,1,0,0,0,0,1,0,0,1,1,0,1,aerobic,S. gordonii CH1,0.00189110393192026
1,0,1,0,1,0,1,0,1,1,1,1,1,1,0,0,0,0,0,0,aerobic,S. gordonii CH1,0.001212886923562852
1,0,1,0,1,1,1,0,0,0,1,0,1,1,0,1,0,0,0,0,aerobic,S. gordonii CH1,0.0011959338249950139
1,0,1,0,1,1,1,0,0,1,0,0,0,0,0,0,0,0,0,0,aerobic,S. gordonii CH1,0.0006309148264984233
1,0,1,0,1,1,1,0,0,1,0,0,1,0,0,0,1,0,1,0,aerobic,S. gordonii CH1,0.0011935548040580874
1,0,1,0,1,1,1,0,1,0,0,0,1,0,0,1,1,1,1,0,aerobic,S. gordonii CH1,0.0012641226198941264
1,0,1,0,1,1,1,0,1,0,1,0,1,0,1,0,1,1,1,1,aerobic,S. gordonii CH1,0.0012084592145015075
1,0,1,1,0,1,0,0,0,0,0,0,0,0,1,1,0,0,0,1,aerobic,S. gordonii CH1,0.0018927444794952656
1,0,1,1,0,1,0,0,1,0,0,1,1,1,0,1,0,0,1,0,aerobic,S. gordonii CH1,0.0029838870101452143
1,0,1,1,0,1,0,0,1,1,1,0,0,1,0,0,0,1,0,0,aerobic,S. gordonii CH1,0.0018961839298411915
1,0,1,1,0,1,0,0,1,1,1,0,0,1,0,1,0,0,1,0,aerobic,S. gordonii CH1,0.0018126888217522633
1,0,1,1,0,0,0,0,0,0,1,1,0,1,1,0,0,0,0,0,aerobic,S. gordonii CH1,0.0025214719092270135
1,0,1,1,0,0,1,0,0,0,0,1,1,1,1,1,1,1,0,1,aerobic,S. gordonii CH1,0.01030953885028427
1,0,1,1,0,0,1,0,0,1,0,0,1,0,1,1,0,0,0,1,aerobic,S. gordonii CH1,0.003182770601808873
1,0,1,1,0,0,1,0,0,1,1,1,1,0,1,0,0,0,1,1,aerobic,S. gordonii CH1,0.001742750641429053
1,0,1,1,0,0,1,0,1,0,0,1,0,1,0,0,0,0,0,0,aerobic,S. gordonii CH1,0.0019006889997624154
1,0,1,1,0,0,1,0,1,1,0,0,1,0,0,0,1,1,1,0,aerobic,S. gordonii CH1,0.0011959338249950139
1,0,1,1,0,1,1,0,0,0,0,1,0,1,1,1,0,0,0,0,aerobic,S. gordonii CH1,0.0037822078638405157
1,0,1,1,0,1,1,0,0,1,0,0,0,1,0,1,1,0,1,0,aerobic,S. gordonii CH1,0.001212886923562852
1,0,1,1,0,1,1,0,1,1,0,0,0,1,0,0,1,1,1,0,aerobic,S. gordonii CH1,0.004455878842532424
1,0,1,1,1,1,0,0,0,0,0,0,0,0,1,1,0,0,1,1,aerobic,S. gordonii CH1,0.0025462164814470975
1,0,1,1,1,1,0,0,0,0,1,1,1,0,1,0,1,1,1,1,aerobic,S. gordonii CH1,0.0011618337609527007
1,0,1,1,1,1,0,0,0,1,0,1,1,0,0,1,1,1,1,0,aerobic,S. gordonii CH1,0.0031678149996040212
1,0,1,1,1,1,0,0,0,1,1,1,1,1,1,0,1,1,0,1,aerobic,S. gordonii CH1,0.002391867649990036
1,0,1,1,1,1,0,0,1,1,0,0,1,1,0,1,0,0,1,0,aerobic,S. gordonii CH1,0.003154574132492112
1,0,1,1,1,1,0,0,1,1,0,1,0,1,0,0,1,1,1,1,aerobic,S. gordonii CH1,0.001790332206087127
1,0,1,1,1,0,0,0,0,0,0,0,0,0,1,1,1,1,0,1,aerobic,S. gordonii CH1,0.004066418163334463
1,0,1,1,1,0,0,0,0,0,1,0,1,0,0,0,1,1,0,0,aerobic,S. gordonii CH1,0.001267125999841606
1,0,1,1,1,0,0,0,0,0,1,1,1,0,1,1,0,1,0,1,aerobic,S. gordonii CH1,0.000597966912497509
1,0,1,1,1,0,0,0,0,1,1,1,0,1,0,1,1,1,0,1,aerobic,S. gordonii CH1,0.0018927444794952656
1,0,1,1,1,0,0,0,1,0,1,0,1,1,0,0,1,1,1,0,aerobic,S. gordonii CH1,0.0011935548040580832
1,0,1,1,1,0,1,0,0,0,1,1,1,1,1,0,1,0,1,1,aerobic,S. gordonii CH1,0.0012641226198941307
1,0,1,1,1,0,1,0,1,0,0,0,0,1,1,1,0,1,0,1,aerobic,S. gordonii CH1,0.0018126888217522633
1,0,1,1,1,0,1,0,1,0,0,1,0,0,1,0,1,1,1,0,aerobic,S. gordonii CH1,0.0012607359546135022
1,0,1,1,1,0,1,0,1,1,0,1,0,0,1,0,0,1,1,1,aerobic,S. gordonii CH1,0.001212886923562852
1,0,1,1,1,1,1,0,0,0,0,1,0,1,0,1,1,0,1,1,aerobic,S. gordonii CH1,0.0018961839298411915
1,0,1,1,1,1,1,0,0,0,1,0,0,0,0,1,1,1,1,1,aerobic,S. gordonii CH1,0.007250755287009062
1,0,1,1,1,1,1,0,0,1,0,1,1,0,1,1,0,0,1,0,aerobic,S. gordonii CH1,0.0018911039319202557
1,0,1,1,1,1,1,0,0,1,0,1,1,0,1,1,0,1,0,0,aerobic,S. gordonii CH1,0.0018193303853442802
1,0,1,1,1,1,1,0,1,1,0,0,1,0,0,0,0,1,0,1,aerobic,S. gordonii CH1,0.0019096623610853263
1,0,1,1,1,1,1,0,1,1,1,1,1,1,1,0,1,0,1,1,aerobic,S. gordonii CH1,0.001900688999762411
1,0,1,1,1,1,1,0,1,1,1,1,1,1,0,0,1,0,0,0,aerobic,S. gordonii CH1,0.0011618337609527007
1,1,0,0,0,1,0,0,0,0,0,1,0,0,0,0,1,0,0,0,aerobic,S. gordonii CH1,0.001267125999841606
1,1,0,0,0,1,0,0,0,0,0,1,0,0,0,1,0,0,0,0,aerobic,S. gordonii CH1,0.0035878014749850537
1,1,0,0,0,1,0,0,0,1,0,0,0,1,0,1,0,0,1,1,aerobic,S. gordonii CH1,0.002523659305993689
1,1,0,0,0,1,0,0,0,1,1,1,1,0,1,1,0,1,0,1,aerobic,S. gordonii CH1,0.003580664412174258
1,1,0,0,0,1,0,0,0,1,1,1,1,1,0,0,0,0,0,0,aerobic,S. gordonii CH1,0.0018961839298411915
1,1,0,0,0,0,0,0,0,1,0,1,0,1,1,1,1,0,0,1,aerobic,S. gordonii CH1,0.0011959338249950139
1,1,0,0,0,0,0,0,1,0,0,1,0,0,1,0,0,0,0,0,aerobic,S. gordonii CH1,0.0012618296529968423
1,1,0,0,0,0,0,0,1,0,0,1,0,0,0,0,1,0,0,0,aerobic,S. gordonii CH1,0.001790332206087127
1,1,0,0,0,0,0,0,1,1,0,0,0,1,1,0,1,0,1,1,aerobic,S. gordonii CH1,0.0012641226198941307
1,1,0,0,0,0,0,0,1,1,1,1,0,1,1,1,1,0,1,1,aerobic,S. gordonii CH1,0.0012084592145015117
1,1,0,0,0,0,1,0,0,0,1,1,1,1,0,1,0,0,1,1,aerobic,S. gordonii CH1,0.08446930895910486
1,1,0,0,0,0,1,0,0,1,1,0,0,0,1,0,1,0,0,0,aerobic,S. gordonii CH1,0.001212886923562852
1,1,0,0,0,0,1,0,1,0,1,1,1,1,1,1,1,0,0,0,aerobic,S. gordonii CH1,0.005728987083255975
1,1,0,0,0,0,1,0,1,1,0,0,0,1,1,1,1,1,1,1,aerobic,S. gordonii CH1,0.0023236675219054054
1,1,0,0,0,1,1,0,1,0,0,1,0,1,0,0,0,0,1,1,aerobic,S. gordonii CH1,0.004833836858006042
1,1,0,0,0,1,1,0,1,0,0,1,1,0,0,1,0,1,1,1,aerobic,S. gordonii CH1,0.004412575841147269
1,1,0,0,1,1,0,0,0,0,0,0,1,1,0,0,0,0,1,1,aerobic,S. gordonii CH1,0.0025462164814470975
1,1,0,0,1,1,0,0,0,0,1,0,0,1,1,0,0,0,1,0,aerobic,S. gordonii CH1,0.0023236675219054054
1,1,0,0,1,1,0,0,0,1,0,1,0,0,1,0,0,0,1,0,aerobic,S. gordonii CH1,0.001267125999841606
1,1,0,0,1,1,0,0,1,0,0,1,0,1,0,1,0,1,0,0,aerobic,S. gordonii CH1,0.0023918676499900316
1,1,0,0,1,1,0,0,1,1,0,1,0,0,1,1,0,0,1,0,aerobic,S. gordonii CH1,0.002523659305993689
1,1,0,0,1,1,0,0,1,1,0,1,1,1,1,0,0,1,0,1,aerobic,S. gordonii CH1,0.001790332206087131
1,1,0,0,1,0,0,0,0,0,0,1,0,0,0,1,1,1,1,0,aerobic,S. gordonii CH1,0.001212886923562852
1,1,0,0,1,0,0,0,0,0,1,0,1,0,1,1,0,1,0,0,aerobic,S. gordonii CH1,0.0019096623610853263
1,1,0,0,1,0,0,0,0,1,1,0,0,0,0,0,0,1,1,0,aerobic,S. gordonii CH1,0.0023236675219054054
1,1,0,0,1,0,0,0,1,0,1,1,0,0,1,0,1,1,0,1,aerobic,S. gordonii CH1,0.001900688999762411
1,1,0,0,1,0,0,0,1,1,0,1,1,0,0,0,1,0,0,1,aerobic,S. gordonii CH1,0.001195933824995018
1,1,0,0,1,0,0,0,1,1,0,1,1,1,0,1,1,0,1,0,aerobic,S. gordonii CH1,0.002523659305993689
1,1,0,0,1,0,1,0,0,0,0,0,0,1,0,0,1,0,1,0,aerobic,S. gordonii CH1,0.0011935548040580874
1,1,0,0,1,0,1,0,0,0,0,0,1,1,0,1,1,1,1,0,aerobic,S. gordonii CH1,0.019593900608359006
1,1,0,0,1,0,1,0,0,1,1,0,1,0,0,0,0,0,0,0,aerobic,S. gordonii CH1,0.0018126888217522633
1,1,0,0,1,0,1,0,0,1,1,1,0,0,0,0,0,0,0,0,aerobic,S. gordonii CH1,0.0006303679773067534
1,1,0,0,1,0,1,0,0,1,1,1,0,1,0,0,0,0,0,0,aerobic,S. gordonii CH1,0.0018193303853442802
1,1,0,0,1,1,1,0,0,0,0,0,0,0,1,1,1,1,0,0,aerobic,S. gordonii CH1,0.001896183929841196
1,1,0,0,1,1,1,0,0,0,0,0,0,1,0,1,0,1,1,0,aerobic,S. gordonii CH1,0.003625377643504531
1,1,0,0,1,1,1,0,0,0,0,1,1,0,0,1,1,0,0,1,aerobic,S. gordonii CH1,0.0025214719092270135
1,1,0,0,1,1,1,0,0,0,1,1,0,1,0,0,0,1,1,1,aerobic,S. gordonii CH1,0.001212886923562852
1,1,0,0,1,1,1,0,0,1,0,1,0,0,1,0,0,0,0,0,aerobic,S. gordonii CH1,0.0006365541203617755
1,1,0,0,1,1,1,0,1,0,1,1,1,0,0,0,0,1,1,1,aerobic,S. gordonii CH1,0.001742750641429053
1,1,0,0,1,1,1,0,1,1,1,0,1,1,0,1,1,1,1,0,aerobic,S. gordonii CH1,0.08743169398907102
1,1,0,1,0,1,0,0,1,0,0,1,1,0,0,0,0,1,1,1,aerobic,S. gordonii CH1,0.002523659305993689
1,1,0,1,0,1,0,0,1,1,0,1,1,1,0,1,1,0,0,1,aerobic,S. gordonii CH1,0.003580664412174258
1,1,0,1,0,1,0,0,1,1,1,0,1,1,1,0,1,0,0,0,aerobic,S. gordonii CH1,0.0025282452397882614
1,1,0,1,0,1,0,0,1,1,1,0,1,1,1,1,1,0,0,1,aerobic,S. gordonii CH1,0.0024169184290030233
1,1,0,1,0,0,0,0,0,1,1,0,1,0,0,0,1,0,1,1,aerobic,S. gordonii CH1,0.000597966912497509
1,1,0,1,0,0,0,0,0,1,1,1,1,0,0,1,0,0,1,1,aerobic,S. gordonii CH1,0.008832807570977918
1,1,0,1,0,0,0,0,1,0,0,0,0,1,0,1,0,0,0,1,aerobic,S. gordonii CH1,0.0011935548040580832
1,1,0,1,0,0,0,0,1,1,0,1,0,0,0,0,0,0,1,0,aerobic,S. gordonii CH1,0.0006320613099470654
1,1,0,1,0,0,1,0,0,0,0,1,0,0,1,0,1,0,0,1,aerobic,S. gordonii CH1,0.0012084592145015075
1,1,0,1,0,0,1,0,0,0,0,1,1,0,0,0,1,0,0,1,aerobic,S. gordonii CH1,0.0018911039319202557
1,1,0,1,0,0,1,0,0,0,0,1,1,0,1,1,0,1,0,1,aerobic,S. gordonii CH1,0.0030322173089071367
1,1,0,1,0,0,1,0,0,0,0,1,1,1,1,0,0,0,1,0,aerobic,S. gordonii CH1,0.002546216481447102
1,1,0,1,0,0,1,0,0,1,1,1,0,1,1,1,0,1,0,1,aerobic,S. gordonii CH1,0.004066418163334467
1,1,0,1,0,0,1,0,1,1,0,1,0,0,0,0,0,0,1,1,aerobic,S. gordonii CH1,0.004434940999445631
1,1,0,1,0,0,1,0,1,1,0,1,0,1,1,1,0,0,1,0,aerobic,S. gordonii CH1,0.0023918676499900316
1,1,0,1,0,1,1,0,0,1,0,0,0,1,1,1,0,1,1,1,aerobic,S. gordonii CH1,0.0018911039319202557
1,1,0,1,0,1,1,0,0,1,0,1,1,0,0,1,0,1,0,1,aerobic,S. gordonii CH1,0.0030322173089071367
1,1,0,1,1,1,0,0,1,0,0,1,1,1,0,1,1,0,0,0,aerobic,S. gordonii CH1,0.0018911039319202557
1,1,0,1,1,1,0,0,1,0,1,0,0,1,1,0,1,1,1,1,aerobic,S. gordonii CH1,0.0018193303853442802
1,1,0,1,1,1,0,0,1,0,1,1,0,1,0,0,1,1,0,0,aerobic,S. gordonii CH1,0.001909662361085322
1,1,0,1,1,1,0,0,1,1,0,1,1,0,0,0,1,0,0,0,aerobic,S. gordonii CH1,0.001742750641429053
1,1,0,1,1,0,0,0,0,0,0,1,0,1,0,0,1,0,0,0,aerobic,S. gordonii CH1,0.0012731082407235464
1,1,0,1,1,0,0,0,1,0,1,0,1,0,0,0,1,0,0,1,aerobic,S. gordonii CH1,0.0011618337609527048
1,1,0,1,1,0,0,0,1,1,1,1,1,1,0,0,0,1,0,1,aerobic,S. gordonii CH1,0.001900688999762411
1,1,0,1,1,0,1,0,0,0,0,0,1,1,1,1,0,0,0,0,aerobic,S. gordonii CH1,0.0023918676499900316
1,1,0,1,1,0,1,0,0,0,1,1,1,0,0,1,1,1,1,0,aerobic,S. gordonii CH1,0.005678233438485805
1,1,0,1,1,0,1,0,0,1,0,1,1,1,0,0,1,0,0,1,aerobic,S. gordonii CH1,0.001790332206087127
1,1,0,1,1,0,1,0,1,1,0,0,0,1,1,0,1,1,1,0,aerobic,S. gordonii CH1,0.0012641226198941264
1,1,0,1,1,0,1,0,1,1,1,1,0,1,0,1,1,1,1,1,aerobic,S. gordonii CH1,0.9794561933534743
1,1,0,1,1,1,1,0,1,0,0,0,0,1,0,0,0,1,0,1,aerobic,S. gordonii CH1,0.001900688999762411
1,1,0,1,1,1,1,0,1,0,0,1,0,1,1,0,0,0,1,0,aerobic,S. gordonii CH1,0.001195933824995018
1,1,0,1,1,1,1,0,1,0,0,1,1,0,0,0,1,0,1,0,aerobic,S. gordonii CH1,0.0012618296529968423
1,1,0,1,1,1,1,0,1,1,1,1,0,1,0,0,1,1,1,0,aerobic,S. gordonii CH1,0.0011935548040580874
1,1,1,0,0,1,0,0,0,1,0,1,0,1,1,1,0,1,1,1,aerobic,S. gordonii CH1,0.0023918676499900316
1,1,1,0,0,1,0,0,0,1,0,1,1,0,1,1,1,0,0,1,aerobic,S. gordonii CH1,0.005047318611987382
1,1,1,0,0,1,0,0,1,0,0,0,1,1,0,0,1,1,1,1,aerobic,S. gordonii CH1,0.002387109608116171
1,1,1,0,0,1,0,0,1,1,1,0,1,0,1,0,0,0,1,1,aerobic,S. gordonii CH1,0.0031603065497353222
1,1,1,0,0,0,0,0,0,0,1,1,0,1,0,1,0,1,0,0,aerobic,S. gordonii CH1,0.001896183929841196
1,1,1,0,0,0,0,0,1,0,0,1,0,0,0,1,0,0,1,1,aerobic,S. gordonii CH1,0.008459214501510572
1,1,1,0,0,0,1,0,0,0,1,1,0,1,1,1,0,1,1,1,aerobic,S. gordonii CH1,0.07375305334489007
1,1,1,0,0,0,1,0,0,0,1,1,1,1,1,1,0,1,1,1,aerobic,S. gordonii CH1,0.06974099810486417
1,1,1,0,0,0,1,0,0,1,1,0,1,1,1,1,1,0,0,1,aerobic,S. gordonii CH1,0.003182770601808873
1,1,1,0,0,0,1,0,1,0,0,1,1,0,1,1,0,1,0,1,aerobic,S. gordonii CH1,0.005809168804763515
1,1,1,0,0,0,1,0,1,1,1,0,1,0,0,0,0,0,1,0,aerobic,S. gordonii CH1,0.0025342519996832164
1,1,1,0,0,1,1,0,0,0,0,0,0,1,1,1,1,1,1,1,aerobic,S. gordonii CH1,0.01389728096676737
1,1,1,0,0,1,1,0,0,0,0,1,0,1,0,1,0,1,0,0,aerobic,S. gordonii CH1,0.0031518398865337666
1,1,1,0,0,1,1,0,0,0,1,1,1,1,1,0,1,1,0,1,aerobic,S. gordonii CH1,0.0036386607706885648
1,1,1,0,0,1,1,0,1,0,0,0,0,0,1,0,1,0,0,1,aerobic,S. gordonii CH1,0.001909662361085322
1,1,1,0,0,1,1,0,1,1,0,1,0,1,1,1,1,0,0,0,aerobic,S. gordonii CH1,0.0
1,1,1,0,0,1,1,0,1,1,1,0,0,0,1,1,0,1,0,1,aerobic,S. gordonii CH1,0.005068503999366437
1,1,1,0,0,1,1,0,1,1,1,1,0,1,1,0,1,1,0,0,aerobic,S. gordonii CH1,0.0017939007374925227
1,1,1,0,1,1,0,0,0,0,0,1,0,0,0,1,1,1,1,1,aerobic,S. gordonii CH1,0.06952674409417711
1,1,1,0,1,1,0,0,1,0,0,0,0,0,1,1,1,1,0,1,aerobic,S. gordonii CH1,0.003021148036253779
1,1,1,0,1,1,0,0,1,0,1,1,1,0,0,1,0,1,0,1,aerobic,S. gordonii CH1,0.0037822078638405157
1,1,1,0,1,1,0,0,1,1,1,1,1,1,0,1,1,0,0,0,aerobic,S. gordonii CH1,0.0030322173089071367
1,1,1,0,1,0,0,0,0,0,1,0,1,1,0,1,0,1,1,1,aerobic,S. gordonii CH1,0.00189274447949527
1,1,1,0,1,0,0,0,0,1,0,0,0,1,1,1,1,1,0,0,aerobic,S. gordonii CH1,0.0011935548040580832
1,1,1,0,1,0,0,0,0,1,0,1,0,1,1,1,0,0,0,0,aerobic,S. gordonii CH1,0.0006320613099470609
1,1,1,0,1,0,0,0,1,0,0,0,0,0,1,0,1,1,1,0,aerobic,S. gordonii CH1,0.0006042296072507516
1,1,1,0,1,0,0,0,1,0,0,0,1,0,1,1,0,0,1,1,aerobic,S. gordonii CH1,0.0012607359546135022
1,1,1,0,1,0,0,0,1,0,0,1,0,0,1,1,0,1,0,0,aerobic,S. gordonii CH1,0.0006064434617814281
1,1,1,0,1,0,0,0,1,0,0,1,1,0,1,0,1,1,1,1,aerobic,S. gordonii CH1,0.0019096623610853263
1,1,1,0,1,0,1,0,0,0,0,0,1,1,0,0,0,1,0,0,aerobic,S. gordonii CH1,0.0011618337609527007
1,1,1,0,1,0,1,0,0,0,1,0,0,1,1,1,0,1,0,0,aerobic,S. gordonii CH1,0.0031678149996040212
1,1,1,0,1,0,1,0,0,0,1,0,1,0,1,0,1,1,1,1,aerobic,S. gordonii CH1,0.001195933824995018
1,1,1,0,1,0,1,0,0,1,0,0,1,1,0,1,0,0,1,1,aerobic,S. gordonii CH1,0.04037854889589906
1,1,1,0,1,0,1,0,1,0,1,1,0,1,1,0,1,1,0,1,aerobic,S. gordonii CH1,0.001790332206087127
1,1,1,0,1,1,1,0,0,0,0,0,1,0,0,0,1,0,1,1,aerobic,S. gordonii CH1,0.001909662361085322
1,1,1,0,1,1,1,0,0,0,0,1,0,0,0,1,1,0,0,1,aerobic,S. gordonii CH1,0.0034855012828581104
1,1,1,0,1,1,1,0,0,1,1,0,0,0,1,1,1,0,1,0,aerobic,S. gordonii CH1,0.0031678149996040212
1,1,1,0,1,1,1,0,0,1,1,1,1,1,1,1,1,1,0,0,aerobic,S. gordonii CH1,0.0029898345624875407
1,1,1,0,1,1,1,0,1,0,0,1,0,0,0,0,0,1,0,0,aerobic,S. gordonii CH1,0.0012618296529968423
1,1,1,0,1,1,1,0,1,0,0,1,0,0,1,1,0,0,1,1,aerobic,S. gordonii CH1,0.008354883628406603
1,1,1,0,1,1,1,0,1,0,1,0,1,0,0,0,0,0,1,0,aerobic,S. gordonii CH1,0.0012641226198941264
1,1,1,0,1,1,1,0,1,0,1,1,0,0,0,1,1,0,0,1,aerobic,S. gordonii CH1,0.0054380664652567984
1,1,1,1,0,1,0,0,0,0,0,1,0,0,0,1,1,0,1,1,aerobic,S. gordonii CH1,0.005370996618261389
1,1,1,1,0,1,0,0,0,1,0,0,0,0,0,0,1,0,0,1,aerobic,S. gordonii CH1,0.0018961839298411915
1,1,1,1,0,1,0,0,1,0,0,0,0,1,0,0,0,1,1,0,aerobic,S. gordonii CH1,0.002416918429003019
1,1,1,1,0,0,0,0,0,0,0,1,1,1,0,0,0,0,0,0,aerobic,S. gordonii CH1,0.0018911039319202557
1,1,1,1,0,0,0,0,1,0,0,0,1,1,0,1,1,0,0,0,aerobic,S. gordonii CH1,0.0018193303853442802
1,1,1,1,0,0,0,0,1,0,0,1,1,1,1,0,0,0,0,0,aerobic,S. gordonii CH1,0.0019096623610853263
1,1,1,1,0,0,0,0,1,0,1,0,0,0,1,0,1,1,0,0,aerobic,S. gordonii CH1,0.0017427506414290572
1,1,1,1,0,0,0,0,1,1,0,0,0,1,0,0,1,1,0,1,aerobic,S. gordonii CH1,0.001267125999841606
1,1,1,1,0,0,1,0,0,1,0,0,0,0,1,0,1,1,0,0,aerobic,S. gordonii CH1,0.0017939007374925227
1,1,1,1,0,0,1,0,1,1,0,0,1,1,1,0,0,0,0,1,aerobic,S. gordonii CH1,0.0018927444794952656
1,1,1,1,0,1,1,0,0,0,1,0,1,1,0,1,1,1,1,1,aerobic,S. gordonii CH1,0.0775352612087306
1,1,1,1,0,1,1,0,0,1,0,0,1,1,0,0,1,1,1,1,aerobic,S. gordonii CH1,0.0024257738471257085
1,1,1,1,0,1,1,0,1,0,0,0,0,1,1,1,1,1,1,1,aerobic,S. gordonii CH1,0.022915948333023895
1,1,1,1,0,1,1,0,1,0,1,0,1,1,0,0,0,0,1,0,aerobic,S. gordonii CH1,0.001742750641429053
1,1,1,1,0,1,1,0,1,0,1,1,0,0,1,0,1,0,1,1,aerobic,S. gordonii CH1,0.0025342519996832207
1,1,1,1,1,1,0,0,1,0,0,0,1,1,1,1,0,1,1,0,aerobic,S. gordonii CH1,0.0037854889589905355
1,1,1,1,1,1,0,0,1,1,1,0,0,0,1,1,0,1,1,0,aerobic,S. gordonii CH1,0.0029838870101452143
1,1,1,1,1,0,0,0,0,0,0,0,1,0,0,1,1,0,1,0,aerobic,S. gordonii CH1,0.000597966912497509
1,1,1,1,1,0,0,0,0,1,0,1,1,1,0,0,1,0,1,0,aerobic,S. gordonii CH1,0.0012618296529968423
1,1,1,1,1,0,0,0,1,0,1,1,0,0,1,0,1,1,1,1,aerobic,S. gordonii CH1,0.001790332206087127
1,1,1,1,1,0,0,0,1,1,0,0,1,1,1,1,1,1,0,0,aerobic,S. gordonii CH1,0.0012641226198941307
1,1,1,1,1,0,0,0,1,1,0,1,1,1,1,0,0,1,0,0,aerobic,S. gordonii CH1,0.0018126888217522633
1,1,1,1,1,0,1,0,0,0,0,1,0,0,0,0,1,1,0,1,aerobic,S. gordonii CH1,0.0006303679773067534
1,1,1,1,1,0,1,0,0,0,1,0,1,1,1,0,1,0,1,1,aerobic,S. gordonii CH1,0.0018193303853442802
1,1,1,1,1,0,1,0,0,0,1,1,0,0,0,1,1,1,1,1,aerobic,S. gordonii CH1,0.28008381295918094
1,1,1,1,1,0,1,0,0,1,1,1,1,0,0,1,0,1,1,0,aerobic,S. gordonii CH1,0.0034855012828581104
1,1,1,1,1,0,1,0,1,0,1,0,0,0,1,1,1,1,0,0,aerobic,S. gordonii CH1,0.004434940999445631
1,1,1,1,1,0,1,0,1,1,0,1,0,0,1,0,1,1,0,1,aerobic,S. gordonii CH1,0.0011959338249950139
1,1,1,1,1,1,1,0,0,0,0,0,0,1,0,0,1,0,1,0,aerobic,S. gordonii CH1,0.0006320613099470654
1,1,1,1,1,1,1,0,0,0,0,0,1,1,1,1,0,0,1,1,aerobic,S. gordonii CH1,0.8138972809667674
1,1,1,1,1,1,1,0,0,0,0,1,1,1,1,0,1,1,1,1,aerobic,S. gordonii CH1,0.00189110393192026
1,1,1,1,1,1,1,0,0,0,1,0,1,1,1,0,1,1,0,1,aerobic,S. gordonii CH1,0.001212886923562852
1,1,1,1,1,1,1,0,1,0,1,1,1,0,1,0,0,0,0,0,aerobic,S. gordonii CH1,0.0012731082407235464
1,1,1,1,1,1,1,1,0,1,0,1,0,1,1,1,0,1,0,1,aerobic,S. gordonii CH1,0.0038193247221706525
1,1,1,1,1,1,1,1,1,0,0,0,0,0,0,1,0,0,1,0,aerobic,S. gordonii CH1,0.004647335043810815
